59,-44,108
64,-34,99
67,-40,100
56,-40,107
57,-44,101
52,-42,111
53,-43,105
55,-37,103
60,-38,102
57,-37,101
53,-47,110
53,-43,112
53,-40,105
45,-42,106
48,-46,106
49,-47,107
49,-45,110
45,-46,106
50,-49,103
52,-44,108
52,-42,103
58,-31,105
69,-34,101
77,-38,95
83,-42,96
98,-52,83
104,-49,81
105,-61,73
113,-72,55
110,-85,53
112,-97,44
113,-112,37
110,-113,39
103,-122,34
84,-127,36
73,-128,45
65,-132,53
52,-135,62
36,-119,67
32,-101,85
23,-92,92
11,-66,105
12,-42,111
11,-26,114
17,-4,113
24,15,116
43,19,106
59,29,103
80,33,86
101,38,74
124,42,58
133,35,41
153,31,23
160,22,8
169,12,1
178,7,-13
180,-8,-15
174,-20,-21
175,-29,-25
167,-42,-19
173,-61,-8
159,-68,-3
146,-88,-2
133,-101,9
123,-114,18
97,-121,30
79,-129,48
56,-129,53
46,-127,73
29,-114,84
18,-108,88
-2,-95,96
-3,-80,105
-11,-58,103
-6,-42,116
-13,-23,116
-5,-15,112
3,10,116
14,35,110
29,33,111
37,44,97
48,55,101
64,52,94
80,50,91
99,38,74
116,24,81
125,10,67
139,3,52
152,-8,44
154,-15,36
153,-13,35
157,-24,31
151,-23,42
148,-27,40
151,-25,42
140,-29,56
124,-36,58
114,-47,68
112,-59,73
112,-66,63
112,-57,68
112,-47,73
113,-39,74
114,-33,73
117,-24,75
108,-9,77
99,15,74
105,51,70
108,73,57
104,87,40
119,96,19
137,87,6
160,78,-16
172,59,-43
168,46,-57
168,32,-74
171,32,-81
168,25,-93
165,17,-107
162,8,-119
154,9,-137
150,7,-145
137,-2,-158
131,7,-162
123,-11,-173
126,-15,-174
121,-22,-177
120,-30,-175
131,-31,-164
138,-47,-157
147,-57,-142
148,-77,-124
160,-77,-87
164,-83,-59
166,-64,-32
166,-54,-18
165,-44,3
157,-31,14
154,-17,31
141,-11,45
126,4,58
113,22,72
87,26,89
71,29,99
59,26,94
45,33,99
36,41,106
24,38,111
24,43,108
18,51,110
25,46,110
32,58,97
44,67,88
57,80,72
79,98,53
80,113,37
87,132,8
98,138,-15
103,133,-45
106,130,-63
100,135,-76
99,130,-92
99,116,-114
99,111,-131
106,94,-151
104,76,-166
111,50,-175
110,25,-184
116,8,-183
120,-9,-173
133,-36,-172
138,-61,-152
145,-83,-135
139,-95,-122
142,-101,-115
140,-111,-101
140,-113,-91
146,-112,-78
153,-109,-56
152,-106,-40
153,-100,-12
147,-85,9
146,-70,33
133,-54,48
126,-40,70
101,-23,84
78,-4,99
64,5,103
41,19,111
25,28,112
8,41,111
1,33,108
-2,43,103
3,57,103
15,59,99
22,73,89
35,89,78
39,105,61
51,121,44
60,138,19
64,148,-12
66,144,-34
78,144,-68
83,141,-87
84,128,-108
93,124,-135
93,96,-155
93,79,-167
96,63,-184
87,38,-185
85,24,-200
91,0,-201
99,-13,-197
103,-31,-199
113,-49,-180
123,-65,-170
132,-74,-151
141,-74,-134
152,-78,-113
168,-71,-91
173,-57,-69
173,-52,-42
174,-32,-9
155,-18,20
151,-13,37
134,-4,52
123,10,69
106,24,81
93,30,80
78,48,84
72,58,85
66,85,79
62,99,62
73,116,33
79,128,14
85,139,-7
87,148,-38
86,135,-69
83,134,-92
82,131,-120
79,117,-142
82,110,-159
78,90,-170
85,69,-188
92,45,-195
107,28,-196
118,12,-180
128,2,-177
145,-5,-155
157,-17,-142
171,-19,-123
178,-26,-106
178,-22,-79
181,-23,-56
180,-19,-32
173,-22,-8
165,-13,18
147,-5,41
139,-2,47
132,12,57
120,19,64
126,42,58
123,62,45
132,76,30
138,84,14
145,96,-18
151,90,-38
154,91,-74
161,77,-84
168,51,-96
168,37,-103
178,21,-98
181,5,-85
181,-2,-58
182,-3,-40
176,-9,-16
174,-11,6
164,-17,17
165,-18,23
167,-9,20
171,-17,17
172,-6,-2
179,1,-16
185,14,-40
182,11,-71
178,9,-98
169,3,-119
169,-13,-124
166,-22,-133
164,-31,-130
166,-40,-123
175,-36,-113
173,-40,-98
181,-37,-82
187,-31,-69
185,-36,-57
181,-34,-38
181,-39,-21
172,-49,-14
169,-53,-9
160,-56,11
158,-56,23
144,-58,42
133,-66,61
114,-75,75
90,-81,86
66,-84,96
58,-87,100
37,-97,100
23,-94,105
10,-95,99
-2,-98,99
-19,-104,102
-51,-109,94
-72,-105,81
-94,-97,75
-101,-94,70
-106,-90,73
-107,-79,84
-99,-75,88
-99,-73,97
-85,-68,97
-73,-68,105
-56,-51,111
-43,-38,119
-22,-36,122
-9,-23,135
19,-16,130
35,-17,127
50,-11,123
64,-6,113
78,-6,116
91,0,112
104,-4,106
116,-2,96
119,-10,92
119,-19,85
121,-31,90
120,-42,81
120,-58,86
117,-66,83
104,-79,84
84,-92,88
63,-106,92
31,-105,91
-2,-114,91
-37,-109,89
-65,-100,86
-95,-86,89
-121,-65,74
-145,-42,64
-160,-15,44
-167,9,12
-173,33,3
-168,59,-19
-170,55,-31
-165,67,-35
-163,64,-46
-156,69,-41
-159,76,-38
-150,79,-15
-141,75,-3
-132,84,24
-107,85,45
-85,82,73
-60,73,96
-36,60,102
-8,44,114
11,37,119
37,30,122
62,19,125
73,5,113
91,-10,105
112,-19,100
120,-32,86
126,-43,85
132,-65,67
132,-74,67
114,-90,68
103,-104,66
85,-119,69
66,-131,69
48,-135,67
23,-143,73
-12,-139,73
-40,-129,75
-79,-117,81
-107,-95,69
-140,-70,57
-150,-47,46
-173,-18,30
-174,11,7
-165,30,-5
-166,50,-9
-161,57,-14
-147,73,-7
-139,89,0
-122,89,14
-118,91,24
-108,84,48
-98,80,59
-78,67,80
-72,64,89
-54,60,100
-38,58,102
-18,45,113
5,36,121
15,19,125
37,9,124
57,-11,125
69,-34,111
84,-45,114
83,-56,111
78,-63,106
75,-71,107
65,-80,102
50,-86,101
33,-95,101
8,-107,99
-19,-104,92
-53,-91,96
-83,-75,95
-100,-58,89
-117,-39,84
-121,-27,79
-127,-24,73
-126,-20,79
-121,-11,86
-113,0,85
-102,5,91
-86,8,101
-80,4,110
-68,-12,117
-57,-22,124
-39,-37,130
-23,-44,121
-12,-59,122
-10,-71,122
-13,-86,118
-10,-87,105
-16,-105,99
-26,-111,90
-47,-115,83
-84,-117,67
-127,-99,46
-158,-75,29
-172,-43,9
-176,-3,-10
-177,41,-29
-155,63,-57
-138,99,-75
-120,100,-89
-105,111,-85
-98,116,-85
-101,119,-76
-106,119,-64
-114,116,-36
-125,100,-10
-120,84,24
-127,60,51
-122,37,70
-108,16,88
-101,-3,105
-84,-25,113
-61,-43,117
-40,-64,124
-17,-78,122
4,-97,112
28,-99,100
43,-112,86
55,-121,81
60,-127,73
63,-125,73
67,-127,70
66,-114,77
69,-114,79
56,-106,92
48,-102,89
46,-90,100
56,-68,102
71,-56,101
75,-40,105
83,-25,106
80,-6,101
90,-4,99
100,11,95
105,14,88
112,25,83
120,26,89
124,23,75
126,25,73
138,18,66
141,22,59
142,21,66
146,26,64
144,19,64
128,11,78
113,19,86
103,23,92
80,29,101
59,29,108
36,48,111
16,60,112
-13,78,94
-32,94,84
-40,103,73
-56,113,57
-57,121,44
-61,131,29
-63,134,8
-71,138,-8
-67,151,-24
-57,152,-40
-53,151,-68
-47,152,-71
-34,153,-95
-23,141,-109
-16,139,-114
-8,138,-133
15,127,-139
36,123,-144
41,123,-148
55,116,-151
56,119,-155
63,117,-152
53,119,-155
32,128,-152
12,130,-139
-22,142,-118
-58,134,-109
-93,127,-82
-124,101,-53
-148,82,-37
-160,56,-18
-170,31,-4
-172,14,9
-160,-5,17
-162,-19,36
-155,-38,36
-150,-54,48
-136,-71,58
-121,-88,69
-98,-98,72
-78,-111,83
-60,-112,89
-45,-113,85
-34,-121,94
-19,-115,83
8,-117,91
28,-115,88
49,-113,80
65,-104,80
83,-98,77
86,-90,78
104,-84,77
114,-80,75
113,-74,72
123,-65,67
119,-64,70
120,-60,72
130,-53,69
127,-51,62
135,-47,61
144,-46,57
146,-49,55
150,-54,46
152,-64,36
157,-64,24
160,-67,20
162,-70,23
161,-66,19
165,-63,23
164,-47,17
174,-44,30
166,-33,36
166,-22,39
169,-11,37
161,0,46
160,3,42
155,17,47
153,24,47
153,26,50
152,37,46
152,49,46
137,57,52
134,62,55
127,69,64
117,72,61
116,83,62
98,93,61
104,99,57
89,103,53
79,114,61
66,113,50
63,119,48
49,124,44
28,126,51
11,126,48
-29,119,51
-54,112,53
-68,105,61
-84,99,55
-105,85,52
-97,98,44
-85,105,39
-94,98,46
-99,98,44
-98,90,45
-101,93,53
-108,89,53
-115,82,46
-124,87,37
-131,80,28
-135,78,20
-146,79,4
-154,71,-16
-155,67,-32
-165,60,-57
-163,57,-75
-165,44,-81
-160,51,-91
-163,43,-95
-161,43,-104
-163,31,-102
-156,29,-112
-163,19,-112
-170,15,-114
-163,10,-112
-170,3,-109
-179,-12,-98
-184,-18,-90
-179,-19,-81
-187,-20,-73
-186,-10,-69
-182,12,-65
-179,37,-57
-167,53,-59
-165,63,-49
-159,73,-43
-155,79,-37
-146,82,-32
-141,93,-25
-141,93,-18
-133,101,-2
-119,97,8
-118,98,19
-108,105,24
-104,100,29
-105,111,40
-104,100,36
-105,104,35
-107,106,33
-107,104,25
-112,106,25
-117,108,18
-111,103,12
-106,110,12
-107,104,13
-111,105,12
-126,92,25
-139,70,34
-150,44,34
-154,24,42
-170,10,40
-170,5,25
-175,3,25
-173,12,15
-179,30,7
-169,46,0
-149,71,6
-140,85,13
-122,100,12
-119,99,15
-108,103,17
-112,106,13
-126,92,13
-139,77,14
-155,51,24
-161,-6,37
-160,-17,51
-155,-22,51
-154,-20,59
-158,-24,56
-154,-16,45
-162,-3,41
-152,17,35
-147,38,37
-136,56,36
-131,73,33
-118,82,39
-108,91,36
-99,96,44
-105,94,33
-100,94,42
-100,87,45
-104,75,58
-105,59,72
-102,41,79
-111,28,90
-113,9,92
-112,-11,91
-106,-12,107
-109,-9,89
-115,0,90
-112,31,81
-111,46,73
-97,65,66
-95,83,59
-90,84,63
-85,82,68
-99,75,73
-109,57,79
-120,23,83
-122,2,90
-111,-12,97
-101,-29,102
-92,-26,114
-80,-24,112
-74,-16,121
-63,-6,125
-52,7,122
-33,11,122
-30,26,121
-19,32,119
-18,31,121
-13,38,123
-16,36,121
-19,28,119
-26,11,127
-24,7,132
-13,-4,128
-16,1,130
-33,0,132
-38,4,127
-37,19,125
-18,24,121
-13,36,125
-11,41,123
-8,39,122
-8,37,124
-26,28,122
-32,12,130
-43,2,129
-45,-3,132
-44,-2,128
-39,5,121
-24,21,122
-16,24,128
1,31,128
9,37,117
12,38,121
14,37,124
7,30,122
-5,28,124
-6,15,128
-4,15,130
-3,18,124
5,26,123
8,33,125
18,28,127
26,36,123
29,33,118
48,41,116
53,39,119
52,36,108
62,24,108
63,21,114
57,17,116
58,25,107
70,35,105
70,37,105
71,45,111
65,44,100
62,48,108
63,42,114
55,41,113
69,43,111
67,39,105
76,36,103
85,33,103
97,22,101
108,26,89
125,24,84
138,35,58
150,44,51
151,45,40
154,44,34
162,55,33
159,46,24
173,49,22
171,35,14
178,32,2
182,25,2
182,14,9
174,-2,15
169,-9,25
161,2,44
153,3,45
146,10,50
147,11,53
150,7,51
152,11,56
148,17,42
155,26,42
153,31,40
147,42,51
134,48,59
131,56,70
117,58,80
110,56,83
106,57,84
97,59,86
92,69,86
92,73,89
91,75,88
82,72,88
76,76,89
67,72,95
72,67,105
65,63,110
64,48,108
59,33,125
60,25,117
62,19,121
62,19,123
58,21,119
51,32,117
43,38,116
35,46,114
39,53,112
35,63,112
31,69,106
37,72,105
29,83,96
23,93,85
7,96,85
1,111,74
-16,123,74
-38,119,63
-61,117,53
-88,113,40
-101,114,36
-119,101,25
-129,93,17
-140,87,3
-158,77,2
-160,65,0
-174,49,-3
-182,31,-7
-188,16,-13
-188,-3,-15
-189,-11,-31
-199,-34,-34
-192,-37,-31
-192,-51,-24
-192,-60,-29
-186,-59,-27
-181,-66,-23
-189,-56,-26
-186,-61,-23
-192,-56,-24
-199,-32,-26
-193,-12,-32
-189,17,-26
-180,38,-24
-158,63,-13
-147,83,-7
-132,100,2
-102,120,3
-79,132,1
-54,145,2
-39,148,11
-29,150,4
-36,142,4
-51,141,15
-78,124,17
-117,101,28
-138,76,28
-155,51,19
-165,37,17
-166,31,11
-167,39,12
-173,45,6
-156,52,8
-147,85,1
-119,104,1
-84,127,-4
-61,140,-10
-49,148,1
-33,150,-8
-40,152,-20
-63,151,-31
-92,135,-40
-131,106,-41
-161,64,-41
-172,42,-45
-180,24,-46
-183,32,-45
-183,30,-49
-174,44,-59
-165,65,-62
-138,92,-60
-105,123,-51
-71,147,-45
-27,158,-46
-16,158,-53
-11,162,-65
-19,161,-71
-47,152,-76
-92,131,-71
-139,93,-74
-161,57,-70
-167,46,-76
-170,50,-78
-169,51,-89
-160,67,-81
-145,83,-95
-126,101,-90
-98,123,-87
-64,142,-86
-25,155,-85
8,160,-87
46,161,-91
73,146,-100
90,137,-104
96,126,-111
112,112,-123
127,106,-112
134,97,-122
144,90,-126
150,84,-123
150,75,-120
153,73,-124
146,76,-124
150,72,-125
145,77,-123
152,77,-135
141,76,-144
121,91,-147
106,92,-158
89,105,-167
65,103,-172
39,103,-179
24,111,-178
15,106,-173
2,105,-174
-12,105,-179
-19,105,-179
-34,108,-173
-46,94,-175
-61,96,-169
-77,99,-161
-84,90,-153
-91,92,-153
-90,89,-152
-86,97,-148
-75,105,-155
-42,120,-146
-4,127,-144
37,128,-145
70,121,-150
90,116,-148
99,104,-141
100,98,-152
101,99,-151
94,101,-156
65,119,-152
33,130,-146
-11,139,-139
-50,128,-135
-83,112,-125
-114,94,-129
-131,71,-119
-143,60,-123
-158,42,-118
-160,23,-113
-163,15,-114
-167,9,-106
-172,2,-106
-172,0,-106
-176,4,-106
-173,10,-112
-160,28,-118
-140,64,-129
-102,97,-129
-56,123,-117
-5,131,-128
32,145,-125
52,134,-131
72,131,-137
82,121,-137
98,112,-137
107,100,-145
126,96,-137
121,82,-142
132,73,-144
132,69,-141
141,69,-148
126,72,-157
128,67,-155
125,78,-158
113,78,-168
97,94,-158
92,104,-156
65,117,-150
43,132,-144
16,138,-133
-6,148,-126
-40,140,-118
-57,138,-103
-84,127,-107
-104,114,-93
-131,104,-82
-145,85,-70
-160,75,-54
-165,63,-35
-172,51,-23
-181,30,-8
-172,16,2
-176,4,22
-170,-2,28
-172,-15,41
-174,-24,39
-172,-22,36
-169,-29,26
-182,-32,15
-183,-40,-5
-190,-22,-42
-184,-11,-65
-188,-3,-93
-176,14,-103
-172,25,-113
-160,39,-128
-146,56,-130
-134,72,-133
-125,84,-133
-105,97,-129
-95,116,-122
-81,130,-95
-73,135,-74
-73,145,-54
-59,145,-35
-61,140,-3
-71,128,9
-77,125,18
-74,120,37
-77,116,35
-88,108,45
-93,104,42
-98,97,40
-113,96,41
-124,80,35
-135,76,28
-139,77,17
-153,70,4
-161,73,-19
-153,77,-42
-149,85,-51
-141,93,-74
-124,99,-95
-112,104,-107
-102,111,-119
-95,106,-134
-80,110,-135
-71,112,-133
-66,121,-133
-60,127,-129
-60,123,-122
-68,133,-98
-80,135,-76
-81,134,-48
-84,134,-19
-83,133,-8
-75,126,14
-72,120,35
-68,114,48
-63,108,59
-65,104,79
-64,96,80
-68,84,85
-78,72,97
-91,50,103
-101,35,100
-109,26,91
-121,26,84
-145,29,64
-152,33,42
-158,42,24
-170,52,-9
-160,67,-37
-156,83,-53
-142,90,-85
-124,90,-107
-121,97,-122
-107,92,-134
-99,103,-145
-87,98,-150
-78,103,-150
-72,111,-144
-67,118,-126
-74,123,-112
-72,139,-58
-59,138,-25
-58,134,3
-53,130,25
-49,120,42
-44,99,72
-40,79,95
-40,58,105
-43,37,127
-36,11,129
-37,-11,135
-51,-13,128
-63,-30,133
-75,-43,112
-98,-56,106
-109,-70,89
-125,-59,80
-147,-63,52
-156,-53,33
-170,-34,15
-183,-17,-8
-180,3,-41
-183,18,-74
-168,36,-95
-148,51,-135
-115,53,-147
-90,60,-162
-67,62,-178
-45,65,-194
-29,63,-196
-15,65,-196
-9,66,-192
-16,64,-192
-22,72,-186
-29,70,-186
-43,75,-184
-40,86,-179
-53,92,-173
-59,105,-157
-57,112,-142
-54,131,-133
-45,133,-111
-36,142,-89
-27,158,-60
-18,155,-48
-8,157,-23
2,157,-5
21,147,12
26,141,30
38,127,50
55,113,62
62,106,79
66,80,91
73,62,106
70,42,112
67,23,119
59,8,121
51,-19,124
41,-39,133
29,-53,128
19,-67,123
9,-78,119
-13,-93,121
-32,-98,108
-54,-108,97
-71,-115,85
-81,-114,79
-95,-126,64
-108,-125,56
-115,-122,46
-135,-109,35
-148,-101,19
-163,-88,8
-173,-74,-9
-183,-57,-27
-184,-39,-48
-180,-13,-65
-179,11,-91
-165,28,-115
-143,44,-135
-125,56,-152
-107,66,-161
-91,64,-173
-71,67,-179
-53,69,-192
-39,64,-188
-29,60,-196
-11,66,-202
-13,64,-202
2,65,-199
1,64,-197
4,65,-196
-3,65,-196
-10,75,-196
-13,76,-192
-15,82,-189
-16,92,-185
-20,94,-183
-18,101,-173
-17,112,-157
-22,124,-145
-20,137,-141
-16,146,-112
-8,150,-98
-3,159,-81
2,150,-62
17,153,-48
26,153,-24
31,151,1
48,141,13
56,128,36
63,110,51
77,98,70
83,78,86
89,60,97
89,49,105
89,30,112
77,4,117
83,-4,123
75,-22,117
77,-29,114
77,-50,110
78,-63,108
71,-72,106
62,-79,103
59,-93,106
48,-93,99
37,-101,92
23,-101,100
3,-107,94
-5,-118,90
-8,-122,88
-20,-135,79
-37,-135,69
-51,-138,62
-71,-139,58
-90,-141,48
-107,-128,37
-126,-119,30
-142,-112,18
-160,-97,0
-169,-85,-18
-176,-78,-40
-181,-59,-74
-174,-50,-98
-168,-37,-126
-147,-25,-146
-138,-25,-161
-124,-27,-178
-105,-23,-183
-99,-3,-199
-83,18,-201
-61,25,-203
-40,42,-201
-29,44,-203
-16,55,-205
0,63,-201
1,71,-202
7,60,-199
22,76,-200
11,72,-196
26,80,-190
21,84,-189
12,90,-185
0,103,-184
-13,97,-180
-39,90,-173
-60,94,-173
-78,93,-155
-97,84,-145
-117,73,-139
-142,50,-131
-155,32,-123
-170,10,-119
-179,-8,-111
-182,-16,-107
-189,-23,-97
-195,-19,-96
-200,-12,-91
-196,-16,-104
-180,-16,-129
-172,-10,-159
-145,-2,-185
-135,3,-190
-141,7,-184
-145,1,-192
-140,1,-185
-141,0,-194
-141,-19,-184
-146,-12,-189
-141,-12,-191
-121,-2,-192
-106,14,-203
-91,10,-202
-64,14,-211
-49,19,-214
-19,28,-211
10,36,-214
35,51,-208
46,77,-189
70,86,-181
84,93,-162
97,101,-141
106,108,-122
117,107,-103
121,107,-86
119,117,-84
108,120,-92
105,117,-111
90,123,-134
69,108,-153
36,111,-170
7,114,-167
-29,110,-167
-65,113,-146
-85,98,-145
-113,91,-125
-140,85,-112
-153,65,-96
-174,49,-69
-181,28,-62
-192,5,-41
-193,-5,-32
-197,-31,-30
-200,-45,-32
-190,-54,-32
-181,-66,-25
-182,-84,-19
-176,-83,-15
-172,-101,-20
-165,-120,-35
-147,-131,-51
-138,-140,-53
-127,-146,-57
-118,-155,-69
-101,-165,-76
-90,-167,-84
-77,-170,-87
-66,-174,-108
-47,-167,-118
-32,-166,-124
-16,-163,-134
-6,-163,-141
9,-158,-145
25,-146,-152
46,-134,-162
60,-115,-169
82,-104,-167
103,-80,-169
108,-58,-173
124,-29,-177
130,-2,-168
124,18,-164
132,41,-158
125,52,-151
123,59,-151
123,73,-148
118,83,-144
106,90,-151
94,94,-156
89,96,-164
77,91,-164
60,96,-174
48,94,-175
24,92,-185
3,87,-183
-15,89,-186
-36,89,-172
-68,79,-167
-99,72,-150
-122,60,-142
-148,46,-125
-170,36,-102
-180,19,-87
-188,7,-71
-183,-3,-59
-188,-24,-35
-193,-36,-25
-195,-47,-18
-182,-65,-7
-180,-79,3
-166,-84,6
-165,-99,9
-148,-115,7
-149,-128,1
-141,-132,-5
-124,-147,-19
-114,-161,-29
-100,-168,-46
-81,-168,-65
-72,-168,-82
-57,-174,-103
-43,-165,-130
-27,-154,-146
-18,-147,-158
-3,-122,-181
8,-102,-190
26,-79,-207
32,-43,-213
41,-16,-219
41,1,-210
39,18,-216
41,26,-207
35,30,-203
26,26,-214
10,22,-217
-8,16,-213
-27,3,-212
-56,-13,-202
-75,-26,-199
-98,-39,-190
-109,-39,-183
-121,-53,-178
-128,-65,-163
-136,-75,-157
-143,-83,-140
-143,-92,-133
-138,-102,-124
-143,-115,-115
-133,-121,-117
-134,-127,-113
-131,-114,-124
-119,-112,-139
-131,-102,-146
-122,-90,-159
-128,-77,-163
-134,-64,-164
-133,-70,-166
-146,-75,-150
-149,-79,-141
-148,-80,-133
-153,-83,-120
-158,-94,-111
-163,-100,-100
-158,-111,-84
-149,-114,-78
-153,-122,-69
-149,-133,-53
-139,-141,-49
-136,-141,-40
-129,-148,-42
-124,-154,-41
-124,-152,-34
-122,-155,-32
-119,-156,-41
-119,-154,-56
-117,-149,-78
-115,-146,-93
-115,-129,-115
-113,-120,-130
-118,-108,-155
-108,-92,-164
-108,-75,-174
-105,-63,-175
-104,-54,-181
-102,-44,-183
-109,-39,-188
-109,-46,-185
-107,-49,-178
-111,-54,-179
-115,-57,-167
-124,-65,-156
-131,-79,-148
-135,-98,-139
-140,-100,-131
-133,-107,-131
-131,-117,-124
-124,-124,-126
-118,-125,-135
-109,-117,-146
-101,-113,-157
-90,-104,-172
-72,-86,-190
-73,-71,-194
-66,-54,-199
-58,-39,-205
-52,-31,-211
-49,-25,-217
-49,-18,-207
-52,-19,-211
-54,-19,-208
-63,-25,-207
-77,-34,-197
-83,-50,-196
-95,-60,-178
-113,-73,-177
-117,-88,-163
-124,-88,-156
-119,-102,-144
-134,-113,-133
-121,-117,-136
-121,-119,-136
-106,-120,-142
-95,-131,-151
-86,-128,-158
-71,-125,-164
-53,-114,-183
-38,-99,-191
-29,-87,-203
-20,-74,-212
-10,-64,-211
-13,-56,-214
-11,-46,-217
-20,-46,-210
-24,-38,-213
-37,-44,-210
-53,-51,-214
-63,-53,-200
-74,-58,-188
-92,-66,-189
-100,-81,-180
-106,-92,-169
-108,-94,-162
-98,-100,-173
-91,-102,-170
-77,-109,-170
-68,-108,-172
-53,-107,-178
-42,-105,-183
-24,-97,-196
-13,-91,-197
-5,-85,-203
0,-73,-208
12,-63,-207
15,-56,-217
15,-49,-210
21,-38,-218
-2,-34,-217
-13,-32,-217
-27,-34,-212
-31,-40,-206
-51,-37,-210
-67,-46,-197
-86,-51,-185
-94,-57,-179
-115,-71,-174
-117,-81,-161
-125,-87,-155
-124,-91,-146
-120,-104,-140
-111,-106,-145
-100,-117,-146
-81,-124,-151
-70,-124,-163
-52,-129,-162
-38,-125,-174
-25,-114,-178
-12,-113,-184
-2,-91,-192
14,-78,-206
23,-68,-206
24,-63,-210
24,-44,-212
22,-39,-212
15,-30,-212
9,-26,-216
-8,-29,-211
-25,-32,-214
-40,-33,-206
-53,-42,-197
-77,-42,-195
-87,-43,-191
-106,-52,-177
-119,-65,-166
-126,-79,-158
-129,-87,-142
-127,-94,-145
-124,-107,-136
-111,-125,-135
-101,-129,-135
-88,-135,-139
-73,-139,-150
-58,-140,-153
-39,-135,-163
-26,-136,-177
-11,-114,-188
-8,-106,-189
4,-94,-199
14,-78,-201
23,-64,-208
25,-57,-203
36,-53,-210
31,-49,-210
22,-39,-210
14,-31,-213
4,-26,-221
-13,-23,-217
-29,-33,-213
-47,-29,-208
-63,-32,-205
-75,-31,-201
-94,-40,-194
-109,-39,-180
-128,-51,-170
-133,-65,-163
-136,-78,-147
-132,-85,-140
-134,-101,-130
-125,-113,-125
-120,-129,-125
-98,-135,-129
-88,-145,-131
-70,-152,-146
-57,-150,-145
-40,-141,-152
-30,-142,-158
-12,-136,-167
0,-125,-174
4,-113,-184
8,-100,-192
15,-98,-195
8,-84,-200
4,-78,-206
-5,-75,-208
-23,-63,-205
-31,-54,-211
-57,-54,-206
-74,-53,-192
-86,-49,-190
-113,-43,-181
-127,-45,-162
-146,-52,-150
-159,-63,-129
-162,-64,-120
-156,-79,-109
-159,-91,-100
-148,-106,-101
-141,-118,-96
-132,-127,-98
-113,-148,-101
-90,-150,-108
-75,-155,-118
-57,-162,-128
-34,-152,-141
-27,-147,-156
-12,-134,-167
-6,-119,-180
3,-105,-188
8,-95,-195
8,-79,-200
2,-68,-199
-3,-59,-211
-12,-54,-206
-27,-44,-212
-38,-43,-208
-56,-34,-212
-70,-25,-200
-87,-17,-191
-108,-12,-177
-129,-17,-164
-149,-20,-146
-167,-33,-123
-172,-45,-108
-175,-56,-92
-174,-75,-84
-168,-91,-82
-154,-114,-78
-142,-124,-80
-129,-141,-79
-109,-154,-82
-92,-160,-86
-74,-163,-102
-47,-167,-113
-39,-166,-117
-23,-163,-134
-4,-152,-146
7,-139,-157
14,-134,-162
14,-125,-172
18,-127,-179
17,-117,-175
21,-113,-181
22,-112,-188
18,-104,-181
19,-102,-188
24,-100,-197
24,-93,-197
15,-91,-197
15,-84,-205
16,-92,-196
11,-85,-199
3,-86,-190
7,-85,-196
7,-97,-194
11,-92,-194
2,-90,-199
8,-93,-197
7,-90,-194
8,-93,-195
8,-88,-200
14,-94,-201
8,-91,-200
8,-91,-202
14,-97,-191
9,-92,-191
5,-93,-195
10,-91,-192
7,-90,-201
5,-93,-188
15,-88,-195
14,-90,-196
9,-90,-194
16,-87,-199
12,-93,-192
11,-90,-189
15,-93,-197
9,-99,-194
11,-106,-189
9,-118,-177
2,-134,-162
-5,-153,-150
-10,-155,-133
-24,-167,-118
-44,-159,-119
-61,-165,-113
-90,-153,-98
-109,-147,-100
-128,-133,-95
-142,-121,-90
-150,-106,-96
-158,-90,-103
-159,-86,-114
-154,-70,-129
-149,-65,-136
-145,-56,-151
-126,-53,-156
-118,-57,-172
-101,-57,-184
-83,-68,-191
-65,-67,-185
-52,-78,-196
-33,-85,-186
-23,-98,-195
-24,-104,-189
-10,-113,-184
-9,-126,-183
-6,-126,-166
-20,-133,-163
-30,-140,-151
-39,-156,-146
-58,-154,-126
-75,-155,-115
-95,-147,-109
-111,-146,-115
-125,-134,-106
-138,-121,-107
-153,-104,-113
-150,-92,-113
-154,-77,-119
-162,-61,-118
-156,-51,-144
-145,-51,-144
-142,-49,-153
-128,-51,-163
-127,-52,-169
-113,-54,-179
-102,-53,-180
-97,-68,-184
-78,-75,-191
-67,-84,-192
-49,-93,-185
-45,-104,-189
-32,-100,-183
-29,-111,-186
-30,-121,-178
-13,-128,-173
-22,-132,-167
-17,-146,-159
-22,-143,-157
-20,-147,-146
-13,-152,-144
-12,-146,-150
-11,-154,-141
-10,-150,-142
-13,-154,-141
-16,-156,-144
-11,-161,-136
-16,-159,-134
-20,-163,-126
-24,-158,-128
-23,-161,-126
-33,-165,-128
-37,-154,-129
-40,-158,-133
-42,-156,-139
-54,-155,-133
-64,-150,-137
-59,-146,-140
-74,-147,-136
-71,-141,-137
-73,-143,-142
-80,-132,-147
-85,-132,-142
-81,-131,-144
-87,-127,-145
-85,-129,-145
-83,-125,-150
-80,-129,-155
-79,-121,-156
-77,-124,-156
-71,-127,-164
-78,-125,-155
-72,-121,-158
-65,-124,-158
-71,-127,-162
-67,-124,-163
-64,-125,-167
-56,-131,-166
-52,-132,-167
-44,-124,-161
-45,-125,-162
-37,-133,-158
-31,-134,-157
-26,-129,-167
-24,-134,-164
-25,-142,-153
-17,-146,-155
-16,-142,-156
-9,-152,-156
-8,-148,-157
-12,-143,-157
-11,-154,-151
-17,-150,-150
-25,-156,-141
-34,-156,-141
-43,-153,-140
-61,-153,-125
-73,-155,-130
-92,-150,-133
-99,-141,-128
-108,-125,-135
-109,-119,-146
-108,-111,-155
-98,-112,-161
-84,-105,-168
-78,-111,-174
-68,-108,-174
-53,-117,-175
-47,-127,-164
-42,-133,-163
-45,-143,-150
-56,-149,-144
-61,-146,-135
-74,-142,-134
-90,-132,-135
-111,-134,-120
-126,-124,-119
-135,-114,-119
-132,-99,-130
-128,-86,-146
-121,-91,-158
-119,-88,-168
-105,-95,-166
-94,-97,-169
-90,-104,-164
-88,-100,-166
-94,-115,-159
-107,-112,-158
-131,-100,-151
-141,-90,-135
-154,-88,-124
-166,-74,-102
-177,-74,-85
-176,-78,-76
-170,-95,-65
-165,-106,-59
-156,-114,-63
-154,-126,-63
-135,-135,-80
-118,-141,-98
-94,-146,-115
-74,-149,-134
-49,-145,-144
-27,-140,-168
-20,-119,-173
-8,-99,-199
-3,-87,-201
-5,-75,-199
-11,-60,-210
-25,-53,-212
-38,-36,-213
-53,-25,-210
-78,-17,-201
-95,-4,-190
-118,7,-179
-135,22,-156
-163,19,-126
-173,19,-102
-182,15,-80
-190,4,-49
-184,-13,-34
-183,-26,-15
-180,-51,1
-177,-60,6
-173,-84,6
-160,-99,4
-148,-118,0
-132,-134,-8
-118,-148,-23
-104,-160,-25
-83,-167,-54
-65,-173,-73
-42,-173,-92
-33,-172,-115
-30,-156,-134
-25,-152,-153
-26,-125,-179
-34,-107,-190
-49,-86,-192
-56,-79,-195
-78,-61,-196
-95,-46,-185
-114,-30,-180
-121,-16,-170
-152,-11,-146
-165,-10,-128
-177,-9,-102
-184,-20,-82
-184,-32,-63
-177,-56,-56
-179,-73,-54
-170,-88,-65
-172,-106,-54
-149,-119,-70
-142,-128,-82
-131,-133,-97
-121,-131,-114
-125,-118,-133
-129,-108,-133
-140,-93,-139
-147,-77,-139
-152,-65,-129
-163,-70,-124
-155,-73,-111
-153,-92,-111
-136,-99,-118
-131,-109,-129
-117,-112,-141
-108,-108,-157
-106,-94,-162
-115,-87,-169
-120,-73,-164
-122,-52,-167
-133,-49,-166
-140,-42,-161
-139,-47,-150
-140,-56,-153
-135,-60,-156
-124,-81,-151
-113,-97,-157
-98,-112,-148
-72,-128,-156
-65,-131,-161
-42,-128,-163
-39,-124,-166
-36,-120,-174
-40,-115,-177
-50,-113,-184
-72,-102,-175
-79,-107,-173
-87,-104,-172
-79,-105,-166
-61,-108,-184
-42,-114,-178
-18,-112,-183
5,-114,-178
24,-117,-180
44,-111,-177
53,-97,-177
62,-102,-180
56,-99,-181
43,-102,-188
42,-101,-186
24,-109,-183
26,-121,-173
39,-122,-164
52,-119,-173
72,-113,-159
86,-106,-155
99,-105,-153
106,-107,-148
108,-102,-144
117,-94,-135
123,-95,-134
134,-88,-129
127,-91,-122
132,-84,-117
138,-87,-123
128,-92,-133
125,-93,-136
100,-101,-150
78,-105,-158
49,-125,-164
17,-133,-166
-25,-140,-163
-52,-148,-150
-81,-140,-134
-101,-136,-128
-119,-135,-119
-134,-115,-120
-146,-106,-111
-154,-98,-100
-160,-97,-89
-175,-84,-68
-180,-72,-48
-187,-67,-43
-180,-60,-29
-182,-53,-16
-177,-51,-14
-189,-42,-2
-189,-37,-9
-193,-38,-27
-186,-43,-37
-180,-60,-56
-177,-77,-70
-170,-79,-90
-154,-91,-97
-170,-88,-95
-181,-80,-81
-186,-61,-62
-189,-42,-46
-188,-24,-37
-189,-11,-21
-180,-2,-9
-183,-3,-3
-183,-8,-5
-181,-15,-3
-183,-19,-18
-184,-44,-31
-177,-60,-48
-177,-70,-56
-177,-77,-58
-177,-74,-63
-182,-67,-48
-183,-54,-40
-183,-45,-25
-187,-23,-21
-182,-16,-9
-183,-8,-15
-187,-16,-19
-184,-13,-19
-188,-31,-40
-189,-39,-60
-183,-52,-74
-176,-59,-96
-166,-67,-109
-161,-70,-114
-168,-67,-100
-181,-61,-86
-180,-51,-65
-188,-31,-49
-182,-18,-29
-183,-5,-27
-180,3,-16
-180,1,-21
-182,-6,-29
-182,-30,-41
-181,-40,-54
-179,-59,-69
-174,-73,-71
-170,-77,-78
-173,-84,-68
-177,-72,-51
-181,-61,-23
-176,-45,-8
-176,-24,14
-161,-16,33
-158,-12,48
-140,-2,62
-136,-8,73
-122,-5,73
-121,-13,79
-126,-27,86
-118,-31,78
-121,-44,81
-129,-59,70
-136,-68,61
-142,-86,40
-146,-104,22
-146,-118,-10
-147,-126,-26
-140,-133,-46
-135,-135,-70
-132,-129,-76
-136,-125,-96
-140,-119,-102
-143,-101,-111
-163,-86,-112
-166,-60,-107
-174,-38,-89
-183,-29,-79
-181,-12,-45
-183,7,-27
-176,2,-5
-169,2,17
-174,-12,22
-165,-29,22
-174,-40,22
-180,-58,6
-165,-75,-3
-170,-84,-24
-166,-98,-48
-155,-99,-67
-166,-93,-78
-166,-79,-78
-177,-58,-75
-187,-37,-56
-183,-22,-49
-181,0,-18
-172,4,2
-166,8,25
-150,-5,48
-152,-9,57
-140,-18,57
-135,-34,67
-135,-51,59
-140,-67,55
-138,-81,47
-138,-102,30
-143,-111,4
-143,-115,-13
-150,-118,-40
-160,-106,-45
-170,-81,-51
-177,-58,-53
-187,-34,-48
-182,-9,-31
-179,2,-23
-167,7,12
-161,5,33
-148,4,46
-131,-9,69
-113,-17,83
-112,-32,94
-93,-51,94
-84,-70,91
-80,-75,88
-66,-83,92
-64,-97,88
-60,-100,84
-61,-104,80
-67,-114,74
-71,-125,58
-73,-143,39
-83,-150,24
-90,-143,4
-104,-150,-27
-119,-140,-43
-126,-135,-65
-145,-117,-80
-158,-101,-98
-166,-77,-97
-169,-47,-96
-183,-31,-84
-181,0,-64
-176,2,-42
-172,11,-13
-172,14,17
-158,-8,29
-156,-6,50
-148,-24,58
-141,-33,56
-136,-50,58
-140,-60,62
-135,-79,47
-138,-100,40
-133,-114,20
-120,-139,0
-112,-147,-26
-109,-156,-46
-117,-152,-70
-120,-134,-91
-127,-125,-106
-126,-109,-112
-142,-91,-126
-156,-70,-131
-162,-45,-123
-173,-25,-107
-175,-2,-92
-181,7,-71
-188,7,-47
-183,0,-30
-177,-6,-14
-177,-16,-2
-173,-27,11
-170,-46,8
-166,-70,8
-161,-93,11
-152,-109,1
-141,-127,-5
-122,-143,-35
-107,-163,-48
-84,-161,-73
-63,-166,-97
-50,-169,-103
-44,-161,-124
-26,-153,-140
-15,-136,-155
-11,-124,-170
-9,-114,-183
-9,-98,-188
-17,-90,-201
-27,-86,-200
-34,-74,-205
-54,-75,-201
-65,-70,-188
-90,-57,-194
-104,-50,-179
-129,-54,-169
-143,-47,-155
-150,-57,-140
-158,-59,-125
-163,-74,-104
-169,-92,-96
-158,-106,-93
-146,-122,-81
-132,-129,-86
-113,-150,-89
-92,-158,-101
-68,-167,-101
-42,-170,-109
-23,-168,-129
4,-153,-145
29,-140,-161
42,-120,-177
51,-104,-191
62,-79,-192
66,-65,-202
70,-52,-194
64,-44,-202
66,-34,-205
52,-30,-202
45,-18,-212
35,-19,-216
19,-13,-214
0,-5,-221
-19,-3,-213
-39,8,-210
-60,8,-207
-85,2,-196
-106,-3,-184
-126,-11,-166
-149,-27,-151
-158,-40,-130
-168,-60,-119
-166,-72,-109
-165,-97,-101
-162,-106,-89
-148,-118,-89
-138,-135,-85
-127,-155,-81
-106,-160,-81
-92,-165,-86
-68,-176,-96
-46,-173,-104
-20,-177,-119
2,-172,-128
25,-162,-137
42,-146,-147
62,-135,-158
76,-109,-173
89,-99,-177
103,-83,-179
107,-64,-181
113,-39,-175
121,-22,-172
133,2,-167
139,10,-156
148,33,-141
154,42,-135
148,50,-124
152,60,-111
162,64,-97
157,65,-98
150,63,-103
154,56,-113
150,42,-130
140,28,-147
133,18,-162
123,12,-175
106,5,-190
86,7,-199
66,-6,-202
46,-22,-211
25,-24,-221
1,-34,-210
-17,-47,-216
-39,-65,-205
-61,-73,-196
-81,-98,-175
-97,-104,-167
-95,-109,-151
-104,-118,-145
-102,-131,-134
-100,-147,-117
-88,-152,-112
-84,-161,-104
-66,-169,-103
-43,-167,-113
-18,-170,-124
9,-165,-133
30,-148,-145
53,-129,-162
76,-107,-168
96,-80,-177
108,-58,-175
118,-34,-170
126,-15,-167
131,4,-164
128,14,-157
138,28,-155
137,33,-146
141,33,-153
135,28,-147
135,35,-155
134,36,-153
126,35,-155
119,32,-167
110,35,-169
103,37,-181
87,29,-195
73,26,-205
60,23,-206
36,17,-210
33,8,-214
11,4,-221
-5,4,-213
-20,-16,-219
-30,-27,-219
-46,-42,-205
-51,-46,-205
-67,-53,-197
-65,-60,-197
-58,-70,-202
-56,-77,-205
-53,-88,-195
-46,-93,-197
-38,-101,-191
-31,-104,-199
-16,-105,-192
0,-106,-191
18,-101,-189
36,-105,-195
53,-87,-191
70,-83,-196
78,-65,-192
96,-47,-194
104,-27,-190
111,-13,-188
125,5,-175
133,23,-167
140,23,-155
135,28,-152
133,37,-147
134,45,-156
133,46,-147
131,49,-152
127,64,-156
114,56,-155
105,65,-164
91,70,-172
77,67,-186
69,66,-188
49,58,-191
38,52,-197
18,46,-206
4,39,-211
-2,24,-214
-20,15,-210
-31,4,-213
-36,-5,-208
-38,-22,-213
-40,-38,-211
-40,-57,-211
-36,-64,-206
-36,-80,-203
-32,-91,-195
-34,-102,-190
-22,-115,-186
-22,-125,-174
-10,-136,-169
0,-139,-167
11,-143,-155
23,-141,-159
37,-146,-157
49,-146,-155
70,-134,-155
77,-129,-152
94,-109,-148
118,-86,-151
132,-63,-151
147,-43,-142
159,-22,-125
167,-4,-114
171,9,-98
167,15,-87
179,15,-75
176,15,-65
175,9,-62
178,4,-52
176,3,-51
180,-3,-45
180,-10,-40
173,-10,-35
176,-16,-38
176,-13,-29
168,-15,-25
179,-16,-19
169,-25,-16
173,-17,-10
174,-13,-16
173,-5,-25
179,5,-31
174,3,-31
179,1,-38
181,-25,-48
174,-49,-46
169,-58,-48
168,-68,-54
167,-60,-53
171,-57,-57
174,-44,-53
175,-10,-57
178,18,-62
166,51,-62
158,62,-65
153,76,-65
155,73,-65
158,73,-63
161,63,-79
171,37,-86
168,32,-98
166,23,-108
160,10,-117
158,29,-117
153,50,-126
135,70,-125
119,89,-123
112,114,-106
105,119,-103
94,132,-82
87,130,-87
83,134,-87
78,134,-97
71,139,-104
66,139,-102
55,137,-112
51,135,-115
44,135,-118
49,138,-113
45,144,-109
49,147,-108
46,145,-106
48,141,-114
62,141,-112
69,134,-114
87,127,-104
87,125,-100
92,130,-90
103,121,-84
112,117,-76
119,117,-67
124,110,-59
132,108,-53
138,103,-45
132,101,-36
123,97,-24
126,100,-15
131,96,-10
133,89,-8
142,82,-5
145,72,-5
147,63,7
157,53,9
158,33,15
150,30,24
147,23,36
144,24,42
137,17,50
134,1,50
124,-12,68
112,-22,75
104,-30,84
99,-25,84
97,-30,89
84,-15,90
79,-15,90
82,-22,95
82,-15,92
76,-4,101
83,-9,96
89,4,90
82,21,95
80,33,84
73,45,86
72,58,80
66,66,77
67,79,80
67,82,78
64,90,64
63,96,63
57,113,55
48,113,47
41,123,42
32,121,41
31,130,28
32,133,31
42,142,22
50,127,15
71,130,8
93,131,-8
114,121,-15
130,113,-36
151,94,-41
162,78,-53
161,67,-79
161,56,-101
167,43,-102
159,39,-108
161,35,-111
160,31,-119
165,33,-117
166,23,-118
164,21,-113
160,26,-117
166,25,-113
171,18,-103
173,14,-111
175,7,-101
167,3,-109
165,-6,-104
175,-17,-108
166,-24,-111
160,-32,-122
157,-43,-118
150,-64,-123
140,-68,-135
140,-75,-135
127,-81,-146
118,-91,-144
107,-108,-137
91,-111,-147
78,-126,-148
69,-126,-148
69,-126,-158
55,-126,-163
46,-127,-167
33,-128,-168
18,-127,-177
7,-118,-179
-2,-131,-178
-12,-120,-181
-31,-113,-189
-46,-107,-188
-68,-97,-191
-73,-83,-186
-86,-77,-188
-93,-70,-190
-106,-64,-186
-118,-54,-174
-129,-57,-169
-136,-57,-157
-149,-63,-146
-168,-63,-129
-177,-56,-112
-187,-56,-92
-202,-43,-69
-206,-32,-60
-196,-25,-53
-203,-23,-46
-196,-18,-46
-201,-11,-43
-200,-12,-42
-208,-4,-41
-208,-6,-41
-206,-13,-31
-207,-12,-20
-203,-16,-12
-199,-11,6
-194,-9,23
-187,-2,40
-179,0,58
-165,2,66
-158,7,80
-147,12,79
-133,26,94
-106,30,114
-94,30,117
-71,42,112
-49,43,125
-44,41,128
-52,35,129
-44,33,128
-52,37,129
-64,23,132
-60,10,133
-72,17,133
-68,7,132
-87,11,124
-83,4,127
-91,1,128
-97,4,124
-94,2,122
-91,8,121
-93,5,123
-86,1,130
-75,-3,129
-58,-20,138
-29,-33,136
17,-44,135
48,-46,125
50,-49,121
52,-37,121
58,-33,122
58,-36,119
64,-27,113
91,-36,105
104,-42,99
123,-46,77
132,-49,67
145,-47,66
150,-45,53
158,-44,47
158,-34,37
166,-40,34
167,-32,33
167,-30,25
167,-30,20
171,-36,17
174,-39,15
173,-47,2
175,-54,-3
176,-63,-7
169,-67,-7
169,-77,-7
159,-80,-15
158,-86,-19
162,-93,-38
165,-95,-36
159,-99,-37
158,-91,-41
166,-90,-52
166,-83,-59
173,-80,-67
174,-65,-70
174,-63,-78
176,-56,-80
181,-44,-85
187,-40,-76
189,-29,-84
185,-22,-84
191,-18,-85
192,-26,-86
183,-46,-82
185,-54,-76
189,-59,-74
185,-54,-71
182,-52,-64
188,-46,-58
186,-51,-41
187,-33,-30
185,-29,-13
180,-19,0
171,-5,12
165,15,25
157,23,29
137,41,45
124,53,53
107,72,63
87,90,67
65,103,68
30,107,63
3,118,59
-12,117,66
-45,117,63
-59,93,68
-83,82,63
-101,75,68
-111,60,63
-129,42,51
-131,36,64
-128,33,67
-127,11,78
-108,7,88
-98,-13,94
-74,-25,101
-63,-27,111
-40,-40,117
-27,-46,116
-19,-47,117
1,-58,121
21,-71,110
42,-92,102
58,-115,75
73,-131,50
86,-139,39
96,-134,24
99,-142,11
100,-148,2
104,-145,3
108,-145,6
100,-136,17
96,-139,39
79,-127,51
70,-104,80
56,-85,92
37,-64,110
24,-37,116
14,-8,119
2,23,112
-17,39,110
-19,67,90
-30,92,81
-38,110,61
-50,117,48
-61,126,29
-66,128,2
-71,138,-13
-84,139,-34
-85,135,-47
-87,133,-64
-100,118,-70
-106,119,-79
-109,113,-75
-114,108,-82
-124,97,-78
-128,94,-87
-131,85,-87
-141,86,-81
-154,71,-65
-150,63,-54
-160,53,-37
-166,41,-19
-170,26,-14
-177,17,-19
-174,7,-25
-180,-4,-26
-181,-19,-18
-176,-19,-10
-177,-18,3
-169,-5,17
-155,25,22
-133,62,28
-108,98,22
-91,120,15
-77,130,3
-59,140,-5
-45,147,-13
-44,155,-26
-36,152,-30
-36,145,-32
-37,151,-41
-43,150,-40
-50,152,-40
-61,142,-40
-92,131,-37
-115,110,-42
-136,96,-42
-162,65,-32
-177,24,-24
-177,-6,-19
-184,-39,-24
-183,-52,-20
-179,-57,-10
-180,-49,-12
-182,-49,-7
-177,-32,1
-180,-9,6
-165,25,12
-156,57,6
-125,91,-3
-101,121,-13
-74,141,-21
-53,144,-29
-36,147,-32
-19,152,-30
-9,160,-36
3,158,-46
12,155,-53
31,151,-60
44,150,-67
51,154,-69
59,148,-80
65,145,-74
65,140,-81
64,146,-85
44,152,-86
25,147,-81
-4,153,-78
-40,145,-64
-83,131,-57
-122,114,-42
-147,73,-34
-167,46,-27
-179,11,-25
-180,-20,-19
-174,-36,-18
-174,-57,-13
-174,-73,-8
-162,-85,0
-163,-88,6
-156,-86,11
-165,-78,4
-172,-59,2
-173,-30,1
-176,7,-3
-168,41,-16
-143,77,-10
-122,100,-18
-95,127,-12
-67,141,-21
-33,154,-20
-9,151,-31
16,152,-40
39,152,-42
59,151,-53
80,144,-56
100,133,-71
112,121,-79
121,110,-89
127,106,-95
135,107,-91
121,114,-98
101,123,-95
84,140,-98
44,157,-89
-2,155,-80
-36,147,-67
-63,141,-63
-106,124,-42
-140,92,-21
-156,59,-12
-169,16,9
-172,-26,22
-160,-59,29
-141,-92,34
-126,-119,28
-101,-139,41
-87,-143,34
-90,-148,36
-95,-145,33
-113,-127,29
-142,-102,18
-163,-70,11
-181,-26,0
-170,22,-9
-155,75,-13
-117,118,-36
-68,140,-42
-29,157,-54
14,154,-62
39,154,-74
66,144,-82
76,132,-100
77,131,-96
83,137,-109
75,138,-103
58,152,-89
25,157,-76
0,157,-54
-24,157,-47
-36,147,-20
-54,145,0
-58,125,35
-60,104,52
-56,90,74
-45,75,90
-37,66,96
-16,55,103
1,43,113
8,24,116
14,23,117
25,14,117
35,14,114
36,12,108
44,14,114
52,8,116
65,7,114
79,2,112
85,-4,101
93,-8,97
96,-10,97
100,-12,88
119,-15,75
139,-34,67
160,-42,35
172,-42,3
172,-49,-24
181,-58,-41
181,-49,-51
187,-45,-67
188,-34,-85
188,-25,-107
180,-22,-125
172,-11,-136
158,-6,-158
155,-4,-161
168,0,-155
166,-8,-157
179,1,-141
178,7,-142
162,-6,-161
148,-11,-185
116,-13,-202
96,-17,-218
75,-17,-228
44,-19,-228
22,-30,-236
-2,-34,-236
-26,-36,-238
-30,-37,-234
-29,-40,-233
-27,-42,-234
-36,-31,-235
-52,-26,-235
-72,-39,-222
-88,-39,-217
-91,-32,-224
-91,-25,-222
-92,-22,-218
-87,-15,-216
-80,-22,-223
-85,-26,-225
-79,-23,-217
-70,-20,-217
-59,-22,-225
-46,-6,-224
-25,10,-227
-6,24,-222
18,32,-216
28,49,-211
32,63,-199
46,75,-203
42,75,-199
50,66,-197
52,59,-192
48,50,-200
49,32,-208
37,21,-213
21,4,-218
0,-29,-218
-22,-45,-218
-46,-70,-207
-66,-97,-191
-90,-113,-169
-106,-122,-142
-119,-133,-119
-124,-133,-104
-124,-138,-102
-126,-131,-104
-124,-133,-117
-113,-127,-125
-119,-124,-131
-104,-111,-157
-79,-93,-188
-58,-58,-210
-38,-26,-221
-11,3,-222
-2,36,-212
3,62,-205
16,79,-186
25,96,-172
36,113,-158
43,120,-139
49,131,-128
65,133,-113
63,135,-106
73,132,-104
66,139,-104
77,133,-106
83,125,-109
85,127,-109
86,119,-118
100,100,-130
124,84,-137
134,62,-146
137,29,-156
130,5,-163
125,-25,-166
123,-44,-173
112,-68,-172
108,-74,-175
85,-100,-168
64,-114,-166
53,-129,-164
32,-139,-155
31,-147,-153
25,-148,-152
35,-150,-152
50,-140,-161
66,-126,-168
86,-113,-172
98,-85,-169
113,-63,-175
124,-33,-177
132,-9,-170
135,16,-162
137,38,-156
125,38,-153
134,50,-148
138,56,-147
140,56,-150
142,51,-150
137,41,-148
140,32,-150
138,16,-157
142,2,-157
140,-29,-159
120,-70,-163
96,-99,-157
65,-125,-159
46,-141,-150
31,-145,-148
28,-150,-147
36,-145,-144
59,-133,-158
83,-117,-161
101,-86,-166
119,-50,-177
124,-22,-174
130,10,-173
119,30,-167
119,42,-167
121,56,-164
103,63,-169
105,65,-167
96,65,-172
92,64,-173
86,56,-189
76,43,-200
56,25,-211
43,8,-207
18,-15,-216
17,-27,-212
0,-61,-211
-16,-84,-195
-43,-113,-181
-59,-132,-157
-73,-141,-140
-84,-145,-126
-86,-154,-122
-87,-148,-123
-80,-143,-128
-72,-142,-146
-50,-141,-155
-39,-131,-173
-18,-105,-190
3,-88,-207
19,-51,-217
36,-25,-219
39,14,-216
50,41,-202
49,65,-196
57,76,-188
57,87,-178
56,96,-167
53,100,-172
55,94,-166
43,83,-185
28,79,-191
7,53,-203
-18,31,-214
-30,8,-212
-31,-5,-213
-40,-15,-213
-45,-12,-211
-40,0,-213
-33,7,-208
-34,12,-212
-46,5,-210
-52,0,-211
-61,-22,-206
-70,-30,-207
-79,-46,-197
-93,-46,-192
-94,-52,-191
-101,-57,-196
-88,-49,-200
-87,-52,-201
-86,-51,-202
-85,-54,-201
-83,-50,-201
-79,-46,-210
-80,-47,-206
-70,-39,-212
-72,-44,-210
-72,-39,-212
-77,-42,-210
-73,-40,-208
-66,-36,-211
-47,-38,-223
-29,-22,-228
-11,1,-232
4,18,-233
1,38,-217
-3,51,-218
-12,63,-206
-5,65,-206
1,55,-202
4,51,-216
-2,24,-217
-33,0,-221
-49,-18,-217
-60,-34,-212
-67,-37,-205
-79,-44,-205
-88,-49,-202
-91,-51,-195
-106,-52,-191
-125,-64,-181
-126,-60,-173
-132,-75,-169
-128,-72,-173
-126,-74,-173
-117,-81,-178
-117,-79,-178
-108,-71,-179
-88,-70,-195
-78,-61,-203
-67,-49,-210
-47,-31,-213
-39,-13,-224
-36,-3,-223
-18,8,-229
-19,16,-218
-18,8,-219
-22,4,-223
-32,-9,-219
-51,-32,-217
-67,-32,-210
-83,-40,-208
-104,-33,-194
-111,-47,-194
-118,-47,-184
-135,-56,-170
-136,-61,-164
-143,-66,-159
-150,-57,-155
-150,-71,-152
-148,-80,-155
-146,-87,-152
-122,-97,-159
-104,-106,-172
-74,-98,-195
-39,-88,-210
-4,-72,-214
17,-49,-224
41,-18,-219
56,9,-216
72,35,-199
72,51,-196
70,70,-184
58,77,-179
39,89,-186
26,92,-185
1,83,-190
-23,76,-185
-40,60,-196
-58,52,-192
-72,43,-192
-90,23,-189
-114,1,-183
-128,-20,-185
-139,-31,-172
-139,-52,-169
-139,-57,-167
-129,-73,-174
-129,-75,-174
-119,-79,-175
-117,-88,-183
-111,-87,-177
-105,-84,-185
-107,-79,-195
-98,-74,-200
-92,-75,-194
-83,-75,-203
-68,-71,-206
-64,-66,-206
-65,-67,-214
-61,-59,-216
-54,-57,-221
-57,-45,-218
-63,-42,-219
-57,-45,-213
-59,-38,-225
-58,-42,-232
-54,-40,-225
-45,-40,-218
-42,-42,-227
-31,-40,-223
-25,-44,-234
-16,-34,-234
8,-18,-229
25,0,-228
36,24,-217
35,46,-211
56,75,-196
64,87,-183
67,89,-167
85,87,-166
101,64,-183
107,37,-181
93,-8,-201
80,-42,-205
56,-61,-211
32,-80,-206
2,-92,-211
-12,-97,-211
-22,-92,-206
-22,-94,-206
-24,-97,-208
-36,-87,-203
-44,-84,-210
-57,-71,-203
-70,-56,-202
-74,-49,-210
-83,-38,-203
-81,-32,-207
-84,-16,-210
-85,-19,-199
-94,-15,-203
-95,-18,-202
-93,-23,-197
-98,-30,-205
-94,-36,-199
-95,-42,-200
-99,-57,-196
-119,-77,-178
-148,-73,-162
-169,-71,-135
-186,-61,-120
-182,-51,-107
-187,-44,-109
-193,-31,-98
-192,-27,-90
-200,-22,-91
-199,-9,-87
-196,1,-85
-193,-12,-91
-192,-9,-92
-190,-29,-115
-168,-42,-141
-146,-47,-162
-114,-46,-200
-71,-43,-213
-33,-26,-225
-4,-9,-229
29,12,-219
60,32,-211
84,46,-191
97,71,-168
113,87,-144
118,108,-124
106,123,-100
108,127,-78
106,127,-63
117,119,-47
127,118,-48
144,99,-43
158,76,-53
169,55,-60
176,26,-70
173,18,-84
174,8,-97
176,-16,-100
168,-22,-111
167,-39,-122
154,-54,-128
141,-60,-153
127,-70,-156
120,-70,-166
98,-68,-174
85,-65,-190
58,-68,-203
30,-61,-201
5,-63,-212
-18,-58,-210
-42,-63,-212
-64,-66,-201
-83,-71,-194
-92,-71,-189
-105,-72,-188
-104,-78,-177
-117,-81,-166
-122,-87,-172
-124,-84,-161
-127,-92,-157
-142,-91,-151
-146,-94,-142
-149,-93,-139
-158,-92,-125
-159,-93,-112
-173,-86,-104
-172,-83,-101
-177,-86,-104
-170,-81,-109
-176,-83,-98
-181,-71,-108
-172,-71,-101
-175,-74,-114
-165,-68,-120
-163,-67,-141
-149,-63,-139
-143,-61,-167
-133,-56,-170
-112,-44,-190
-97,-50,-203
-67,-46,-212
-49,-37,-212
-27,-25,-224
-11,-20,-224
11,-15,-223
30,-5,-218
52,15,-212
66,17,-202
83,29,-192
100,39,-181
120,43,-163
131,39,-157
148,36,-134
159,25,-123
168,18,-98
180,18,-84
175,23,-54
178,30,-47
168,39,-25
158,57,-9
146,71,3
125,99,13
105,100,26
77,126,26
66,132,23
64,132,20
67,138,12
80,137,6
99,132,-16
116,125,-19
131,119,-35
133,107,-52
147,103,-67
147,91,-84
146,80,-97
158,64,-119
145,53,-137
133,46,-152
124,49,-169
107,46,-184
86,51,-196
71,45,-195
59,38,-207
52,33,-210
35,28,-216
19,19,-214
11,9,-218
-5,-3,-221
-25,-20,-222
-42,-34,-214
-57,-54,-213
-67,-67,-207
-75,-78,-199
-78,-97,-184
-95,-112,-178
-91,-107,-170
-97,-118,-172
-93,-124,-168
-100,-121,-156
-95,-124,-163
-91,-131,-158
-83,-134,-164
-64,-129,-169
-46,-131,-175
-11,-140,-185
23,-125,-184
57,-114,-183
96,-92,-179
123,-79,-166
142,-57,-152
151,-46,-131
169,-34,-114
173,-17,-103
176,-4,-87
179,8,-73
176,24,-56
176,33,-46
164,44,-32
153,62,-19
146,76,-9
128,91,4
111,111,8
89,121,22
69,137,8
58,140,9
52,134,3
48,144,18
44,138,14
63,138,9
76,134,13
92,123,11
118,118,11
128,98,9
141,80,11
159,72,0
166,53,-5
175,39,-20
181,26,-26
181,12,-34
185,-8,-47
178,-19,-54
180,-31,-71
175,-36,-91
172,-49,-100
161,-52,-123
160,-49,-129
150,-54,-142
135,-50,-157
127,-51,-163
111,-56,-185
86,-61,-191
66,-70,-197
58,-71,-206
50,-79,-207
38,-81,-202
15,-98,-205
-6,-102,-200
-29,-118,-196
-52,-122,-179
-79,-131,-166
-86,-131,-168
-102,-131,-146
-118,-122,-150
-127,-125,-140
-133,-121,-134
-136,-125,-125
-140,-126,-119
-143,-120,-120
-141,-127,-115
-136,-127,-113
-128,-126,-112
-120,-134,-118
-106,-134,-137
-75,-143,-162
-45,-141,-162
-22,-134,-174
0,-132,-181
41,-131,-175
60,-120,-177
76,-107,-178
87,-98,-175
108,-79,-173
127,-49,-166
144,-20,-158
157,14,-137
161,37,-118
162,62,-92
158,69,-75
158,76,-51
159,75,-40
158,62,-12
162,55,3
153,45,20
153,36,30
140,32,41
133,28,58
125,22,67
120,12,67
114,11,78
110,4,80
107,4,83
93,0,88
93,-5,88
93,-3,95
86,-8,90
86,-10,100
93,-19,100
90,-27,94
89,-33,92
103,-38,92
113,-46,77
125,-60,62
140,-64,46
146,-67,23
155,-77,15
153,-84,6
147,-90,-8
152,-87,-10
144,-95,-19
147,-111,-13
147,-108,-15
141,-114,-19
134,-121,-36
123,-131,-38
120,-128,-41
114,-143,-47
106,-147,-60
100,-158,-62
94,-159,-60
94,-156,-65
101,-154,-58
121,-139,-49
141,-119,-36
155,-93,-41
169,-65,-43
178,-38,-42
180,-10,-42
178,2,-35
182,14,-40
171,23,-42
178,44,-35
173,46,-35
172,45,-34
173,51,-42
179,41,-41
175,35,-47
172,31,-41
173,25,-45
174,29,-41
183,31,-46
183,24,-41
180,4,-37
178,-15,-30
174,-32,-29
172,-44,-29
172,-39,-41
180,-47,-40
179,-32,-34
180,-8,-27
173,23,-20
161,53,-15
154,77,-25
145,93,-27
141,101,-26
133,105,-32
135,105,-32
145,96,-30
165,69,-31
176,33,-36
185,2,-40
175,-40,-47
167,-60,-58
165,-79,-65
160,-84,-68
159,-85,-69
160,-81,-65
161,-87,-67
159,-80,-67
171,-75,-67
171,-75,-64
178,-50,-62
174,-32,-63
178,-8,-54
174,31,-51
167,62,-53
153,85,-46
141,101,-48
133,107,-47
140,100,-45
152,89,-47
159,67,-42
166,58,-52
172,50,-56
172,41,-51
171,42,-54
176,43,-58
179,52,-56
172,55,-48
162,66,-48
169,66,-46
164,67,-45
165,71,-43
161,77,-47
153,83,-48
146,97,-43
127,113,-53
119,119,-42
113,127,-38
114,131,-40
114,121,-40
131,114,-45
142,98,-42
150,79,-45
174,59,-41
179,38,-36
180,14,-40
174,-2,-38
182,-5,-35
182,-5,-32
183,10,-34
179,29,-31
172,50,-34
160,73,-29
144,90,-34
132,108,-36
127,116,-31
125,108,-31
144,97,-34
161,75,-30
178,37,-40
182,4,-45
179,-27,-56
173,-47,-67
173,-59,-74
159,-73,-86
162,-77,-90
153,-81,-109
139,-72,-134
131,-71,-159
106,-53,-178
101,-42,-195
80,-30,-200
70,-22,-203
55,-20,-214
46,-24,-216
35,-29,-221
26,-37,-210
19,-46,-210
16,-61,-213
-3,-83,-201
-12,-108,-196
-26,-122,-179
-37,-140,-163
-43,-148,-162
-43,-148,-150
-38,-153,-159
-38,-148,-159
-34,-149,-168
-18,-145,-173
-9,-135,-175
4,-120,-186
12,-112,-192
23,-99,-196
39,-90,-196
52,-72,-200
60,-52,-203
64,-42,-207
69,-27,-205
75,-29,-208
82,-19,-203
79,-8,-201
83,1,-200
87,-2,-197
89,-5,-201
80,-6,-205
89,-19,-199
94,-23,-197
89,-26,-194
91,-36,-196
96,-43,-194
105,-57,-191
92,-65,-190
94,-77,-180
94,-84,-185
93,-75,-177
103,-80,-184
106,-70,-183
110,-66,-179
118,-46,-180
132,-27,-173
139,15,-158
139,52,-144
128,86,-133
113,108,-114
110,114,-108
96,126,-106
94,130,-102
93,133,-96
101,130,-102
108,113,-112
121,103,-128
142,79,-133
147,58,-133
145,42,-140
152,25,-145
150,14,-145
155,3,-144
152,-3,-152
145,-17,-157
145,-22,-155
134,-42,-166
121,-57,-172
104,-60,-178
105,-75,-184
101,-70,-178
101,-81,-173
117,-71,-174
127,-49,-178
134,-37,-173
142,-3,-162
146,33,-153
138,65,-133
126,93,-118
116,113,-102
104,130,-90
97,139,-82
92,139,-75
91,140,-79
94,137,-78
107,131,-74
123,116,-78
132,104,-75
142,91,-74
161,77,-71
161,67,-64
172,50,-68
169,48,-70
173,35,-64
178,37,-59
178,28,-71
178,42,-67
164,60,-64
160,87,-60
139,106,-53
118,123,-41
96,131,-32
85,144,-26
75,150,-25
65,147,-20
59,144,-16
57,141,-9
53,142,-3
48,146,-7
46,142,-3
45,148,-7
66,148,-12
79,138,-18
105,128,-23
119,114,-20
140,98,-20
153,90,-19
160,73,-19
159,63,-15
167,50,-24
180,42,-23
172,38,-24
169,45,-21
164,56,-27
165,71,-29
148,85,-24
138,98,-20
118,111,-12
105,126,-8
90,132,-4
78,137,-9
78,139,-12
67,145,-8
75,142,-15
79,140,-13
86,135,-3
94,123,1
98,121,9
101,108,25
110,105,31
99,94,40
104,87,52
113,69,59
100,60,68
105,49,70
103,42,80
97,38,84
96,28,83
93,18,88
86,30,90
91,18,100
83,22,96
85,29,84
80,24,94
78,29,103
76,31,91
73,41,103
65,39,92
59,55,96
57,55,96
56,70,92
57,73,89
53,75,80
48,85,81
50,83,84
51,100,78
48,108,59
55,113,55
57,130,35
60,138,17
53,152,0
49,161,-20
35,168,-35
30,164,-57
12,165,-70
5,158,-87
0,159,-98
-13,153,-107
-17,152,-115
-31,140,-120
-51,134,-139
-54,131,-140
-58,123,-139
-59,135,-135
-58,132,-129
-50,145,-133
-49,148,-122
-45,147,-123
-43,142,-125
-32,144,-124
-37,146,-126
-36,142,-133
-39,141,-136
-33,133,-137
-49,139,-139
-58,139,-122
-58,137,-119
-63,139,-124
-58,139,-112
-64,142,-106
-60,141,-114
-52,147,-106
-32,148,-109
-25,146,-114
4,150,-130
26,137,-141
48,127,-151
78,120,-148
92,116,-144
104,113,-136
117,110,-123
132,106,-114
142,103,-103
146,97,-85
145,103,-76
150,114,-64
140,119,-71
128,124,-71
120,127,-60
108,137,-70
96,150,-74
89,150,-79
72,150,-84
59,153,-82
51,159,-91
23,161,-96
24,160,-104
7,166,-106
-8,157,-113
-16,151,-117
-20,148,-124
-23,139,-129
-27,141,-131
-33,145,-135
-22,140,-135
-15,145,-135
-6,146,-136
-6,141,-139
-22,142,-142
-18,139,-148
-27,137,-144
-39,132,-141
-44,127,-148
-49,132,-151
-51,125,-148
-63,123,-151
-56,120,-151
-43,126,-152
-39,127,-146
-30,137,-146
-5,142,-137
11,142,-137
21,154,-120
16,154,-123
16,159,-111
15,165,-109
15,151,-104
12,158,-104
16,157,-98
14,159,-89
12,160,-80
10,165,-78
12,162,-75
18,159,-86
17,158,-92
22,158,-104
29,146,-117
33,141,-126
39,140,-140
48,118,-163
52,104,-178
65,84,-184
65,79,-191
59,71,-195
55,73,-188
43,97,-183
44,107,-177
38,118,-166
35,126,-157
32,131,-155
22,134,-146
9,138,-145
5,146,-139
3,148,-122
1,146,-126
-6,148,-122
-9,146,-112
-9,153,-117
-16,144,-119
-19,152,-125
-15,147,-128
5,141,-146
26,139,-146
52,127,-153
64,120,-163
77,107,-159
87,108,-163
77,110,-157
57,127,-156
38,137,-153
1,146,-124
-19,150,-115
-20,153,-112
-22,145,-115
0,147,-125
22,146,-134
42,138,-135
64,130,-144
69,123,-139
59,127,-146
45,141,-126
37,135,-130
42,142,-133
45,134,-139
51,133,-140
58,128,-147
75,114,-155
87,113,-151
97,99,-161
97,99,-156
106,99,-151
111,104,-148
112,114,-140
105,110,-137
108,118,-129
110,124,-118
110,121,-108
112,119,-111
117,121,-98
118,120,-95
118,120,-90
120,123,-85
112,133,-71
104,132,-65
91,147,-40
65,154,-27
32,157,-23
14,161,-10
11,161,-18
12,162,-21
35,159,-25
46,159,-20
78,146,-16
93,150,-25
98,135,-18
98,140,-13
71,137,1
65,145,9
58,140,14
52,137,25
51,135,29
66,130,45
76,125,42
98,110,51
110,100,48
112,89,51
110,93,61
89,93,73
83,83,77
78,76,86
73,69,96
78,59,106
67,51,105
79,32,102
94,19,106
111,10,99
117,0,92
121,2,83
117,-3,83
117,-3,90
113,-9,86
116,-18,84
116,-25,84
116,-27,86
123,-23,86
121,-24,78
127,-18,77
131,-10,73
130,-13,79
133,-10,83
133,-19,80
133,-15,75
135,-10,75
125,-4,81
127,1,84
116,-2,81
114,2,83
117,2,78
117,4,78
117,23,85
108,29,81
96,49,78
83,57,84
77,75,85
66,69,89
58,70,85
56,63,97
55,59,101
53,53,105
56,44,110
65,28,105
80,22,99
98,25,90
114,9,73
131,4,78
144,3,64
141,-6,57
146,-13,50
160,-18,50
152,-24,41
164,-31,34
160,-32,28
162,-39,20
168,-38,17
167,-39,3
175,-29,4
178,-38,2
186,-30,-12
179,-23,-19
191,-18,-29
182,-15,-42
188,-9,-51
193,-4,-58
193,-2,-68
187,11,-79
187,14,-89
181,15,-95
186,17,-92
185,11,-96
181,12,-102
185,11,-106
182,7,-108
182,11,-103
179,8,-102
181,-2,-100
186,-4,-97
188,-6,-107
182,-17,-108
182,-29,-103
176,-30,-102
182,-38,-103
181,-39,-112
183,-34,-104
176,-34,-109
178,-31,-113
180,-31,-115
183,-32,-119
176,-25,-117
178,-22,-125
171,-36,-130
172,-34,-129
173,-40,-130
164,-43,-137
166,-43,-135
161,-43,-142
155,-46,-148
155,-46,-153
150,-52,-167
142,-59,-167
135,-54,-177
133,-61,-174
132,-70,-183
131,-54,-177
127,-63,-180
126,-64,-181
128,-59,-181
130,-58,-185
131,-59,-189
131,-54,-189
130,-58,-183
132,-60,-185
128,-59,-186
133,-57,-181
135,-47,-181
144,-49,-183
144,-46,-180
141,-56,-180
146,-53,-170
147,-50,-167
154,-47,-164
155,-46,-170
160,-44,-156
165,-39,-161
159,-43,-155
158,-39,-161
155,-32,-166
155,-32,-168
152,-26,-174
155,-30,-173
154,-29,-174
141,-23,-178
138,-24,-191
121,-17,-201
93,-22,-218
77,-24,-218
67,-19,-223
65,-17,-223
51,-22,-221
38,-27,-227
17,-30,-229
17,-42,-232
8,-51,-227
12,-56,-227
9,-57,-228
17,-42,-229
12,-46,-232
10,-34,-232
10,-23,-236
9,-26,-233
11,-19,-233
15,-13,-232
10,-16,-234
9,-22,-233
12,-20,-239
15,-18,-232
21,-24,-228
33,-25,-236
35,-22,-233
37,-31,-230
43,-30,-229
41,-23,-229
37,-22,-233
26,-13,-236
21,-10,-240
7,-12,-235
3,-11,-241
-2,-18,-236
5,-20,-229
7,-36,-230
5,-27,-234
7,-33,-235
4,-31,-228
-3,-36,-233
-2,-42,-229
-11,-34,-232
-18,-46,-236
-15,-40,-230
-10,-29,-238
5,-11,-239
24,3,-234
38,31,-227
45,57,-212
51,77,-206
41,90,-188
36,106,-180
35,117,-167
14,128,-167
-6,130,-156
-18,144,-144
-22,138,-128
-20,148,-117
-30,151,-100
-37,162,-92
-42,155,-80
-52,154,-69
-42,153,-63
-39,158,-46
-40,154,-30
-33,157,-27
-27,160,-9
-34,146,-2
-13,141,18
-17,135,29
-9,134,52
-6,123,52
2,117,63
15,111,72
11,100,75
18,100,80
22,99,81
28,96,75
36,106,77
39,117,58
51,124,44
58,140,29
64,141,3
76,153,-21
86,140,-35
94,134,-38
101,134,-48
100,133,-47
112,131,-59
117,128,-62
117,124,-57
110,124,-62
111,130,-70
107,131,-62
103,131,-67
113,125,-75
114,126,-74
106,125,-82
101,132,-85
94,137,-87
91,140,-93
79,140,-81
82,142,-84
71,144,-82
70,145,-96
67,152,-101
66,146,-109
69,144,-109
73,130,-117
72,133,-123
75,131,-128
73,127,-122
72,131,-123
67,126,-130
80,130,-124
77,124,-133
87,123,-124
87,127,-129
90,118,-122
99,118,-124
108,116,-122
124,103,-120
131,91,-120
144,71,-129
152,51,-125
172,41,-124
167,15,-129
165,10,-134
166,-3,-133
167,1,-136
171,11,-135
166,25,-130
157,58,-130
148,76,-124
126,103,-120
116,118,-114
105,131,-111
92,137,-104
78,139,-104
76,144,-104
73,144,-102
65,150,-106
56,142,-106
55,144,-102
60,147,-101
58,152,-93
45,153,-102
49,150,-101
48,153,-107
46,152,-101
50,151,-109
43,148,-114
50,146,-119
50,134,-134
57,137,-139
63,131,-135
66,127,-148
67,121,-152
76,106,-158
90,87,-173
100,77,-169
112,77,-172
107,79,-162
107,96,-140
97,111,-136
82,126,-128
65,140,-108
42,154,-91
30,150,-84
28,159,-76
24,160,-73
18,157,-69
17,158,-65
19,160,-63
19,160,-68
22,158,-70
36,160,-73
39,161,-71
52,153,-85
56,154,-91
69,141,-102
76,132,-117
80,132,-119
82,126,-123
82,124,-118
79,131,-120
89,131,-115
78,134,-109
80,137,-109
86,131,-113
84,131,-115
82,126,-125
89,121,-128
71,118,-139
71,123,-144
62,125,-151
58,119,-145
58,124,-142
58,128,-140
46,133,-137
42,133,-130
35,135,-133
31,144,-122
22,148,-114
12,151,-102
17,148,-100
18,157,-89
21,157,-93
24,160,-100
22,160,-104
22,146,-122
31,148,-124
23,138,-135
28,128,-152
22,120,-163
21,110,-172
19,104,-180
8,104,-183
-2,104,-190
-5,96,-184
-16,97,-188
-20,87,-190
-38,82,-196
-44,66,-192
-53,66,-197
-64,56,-199
-64,51,-194
-78,44,-206
-77,36,-202
-85,37,-206
-91,26,-195
-92,25,-194
-104,25,-194
-97,28,-196
-101,18,-191
-108,16,-189
-112,5,-183
-133,3,-175
-145,-6,-166
-168,-27,-151
-173,-51,-124
-180,-63,-90
-188,-71,-67
-194,-70,-46
-187,-72,-36
-193,-66,-18
-201,-56,-12
-199,-46,-7
-202,-38,-13
-199,-23,-14
-206,-18,-26
-204,-12,-25
-206,-4,-31
-208,-6,-26
-208,-6,-21
-200,0,-8
-193,4,9
-183,2,26
-181,-3,36
-181,-5,44
-179,-10,46
-173,-9,52
-156,-9,64
-149,-9,81
-136,0,92
-127,-3,105
-114,1,106
-104,0,114
-102,5,113
-92,4,119
-86,5,121
-87,9,114
-90,7,114
-107,8,111
-112,12,103
-119,10,106
-127,11,97
-122,21,90
-124,22,89
-128,29,89
-129,16,90
-128,15,91
-127,-8,92
-121,-9,103
-100,-44,108
-86,-67,113
-63,-79,111
-52,-87,110
-31,-104,107
-16,-117,101
4,-120,97
21,-134,78
41,-138,72
63,-141,61
79,-129,58
96,-129,53
100,-122,46
113,-117,50
120,-105,47
119,-113,44
121,-108,46
114,-106,58
103,-111,61
84,-106,75
69,-105,89
51,-99,100
44,-92,97
31,-86,111
17,-74,116
11,-54,119
3,-42,121
-4,-25,123
0,-12,127
-4,10,121
2,21,117
5,29,111
11,51,110
14,56,107
26,66,101
28,79,95
36,85,86
41,92,81
33,94,79
30,96,80
26,92,79
11,91,85
3,90,89
-19,79,85
-40,77,95
-58,76,91
-72,59,84
-102,55,81
-125,49,66
-143,42,51
-150,37,39
-163,38,23
-161,36,11
-168,36,-4
-172,39,-15
-173,50,-26
-173,57,-36
-166,57,-53
-162,56,-62
-154,59,-73
-148,82,-91
-141,79,-103
-134,84,-118
-120,89,-111
-127,89,-115
-125,84,-115
-131,78,-114
-139,77,-111
-143,65,-113
-154,55,-107
-161,41,-95
-176,23,-81
-180,15,-75
-181,4,-59
-187,-9,-46
-189,-13,-41
-186,-12,-23
-183,-33,-5
-179,-40,12
-172,-52,31
-158,-52,46
-139,-71,73
-118,-75,80
-111,-73,85
-106,-75,90
-99,-85,100
-83,-90,100
-68,-94,97
-58,-95,99
-49,-95,103
-47,-108,102
-38,-104,100
-34,-100,108
-26,-97,107
-22,-104,107
-15,-104,107
-24,-106,105
-13,-107,99
-22,-101,105
-27,-93,101
-46,-102,106
-60,-91,99
-84,-91,101
-104,-66,85
-124,-56,79
-147,-30,62
-152,-2,57
-159,17,37
-162,44,12
-153,58,7
-149,83,-14
-140,92,-19
-140,99,-36
-126,104,-46
-127,105,-54
-128,111,-73
-124,108,-78
-122,103,-79
-124,101,-85
-132,96,-89
-138,94,-85
-149,76,-73
-159,59,-70
-165,56,-62
-173,33,-53
-183,23,-47
-186,-8,-15
-177,-27,3
-174,-54,26
-155,-71,41
-135,-91,55
-113,-104,73
-79,-112,77
-45,-125,80
-13,-121,84
9,-125,83
37,-118,83
55,-114,74
77,-108,73
85,-109,64
93,-106,70
96,-104,68
98,-106,58
105,-101,63
93,-99,56
96,-104,61
90,-117,62
73,-124,67
62,-133,64
42,-136,63
17,-147,62
-17,-146,53
-64,-148,56
-106,-141,46
-139,-111,31
-166,-86,18
-177,-51,6
-179,-19,-3
-183,16,-13
-177,50,-26
-158,63,-30
-140,97,-43
-109,118,-53
-81,139,-60
-57,145,-67
-33,152,-74
-16,160,-73
-11,155,-70
5,160,-78
7,159,-76
-3,159,-71
-2,162,-75
-32,153,-68
-53,148,-63
-79,144,-48
-114,118,-38
-142,85,-26
-162,53,-5
-175,15,6
-182,-16,18
-175,-46,25
-163,-70,28
-138,-100,47
-114,-124,55
-77,-138,67
-37,-154,67
-8,-146,66
30,-148,66
55,-138,67
69,-133,62
77,-125,53
84,-111,53
97,-119,57
97,-107,52
98,-111,53
90,-117,57
89,-122,58
77,-125,61
49,-136,58
19,-147,59
-37,-152,55
-84,-142,52
-128,-114,37
-152,-77,30
-172,-38,19
-180,5,6
-173,45,-9
-155,82,-23
-125,107,-32
-88,137,-38
-56,153,-51
-33,159,-57
3,160,-78
36,153,-78
63,147,-89
99,134,-97
125,116,-97
135,96,-101
138,91,-106
134,101,-112
132,97,-119
130,99,-114
127,94,-119
120,99,-129
108,94,-139
96,107,-145
72,107,-159
56,107,-164
28,98,-172
7,86,-189
-12,77,-191
-36,65,-201
-49,57,-200
-57,39,-199
-74,19,-195
-100,10,-190
-111,-12,-181
-127,-43,-162
-146,-71,-137
-150,-101,-103
-140,-133,-65
-117,-159,-34
-98,-175,-9
-70,-175,1
-60,-182,3
-42,-180,1
-31,-179,2
-26,-179,-10
-19,-183,-8
-10,-186,-15
-10,-183,-18
-8,-188,-23
-20,-182,-36
-43,-186,-52
-68,-174,-74
-95,-152,-95
-128,-126,-114
-146,-87,-135
-148,-52,-142
-147,-13,-148
-134,11,-164
-118,44,-167
-94,58,-169
-72,80,-168
-49,80,-175
-29,89,-181
-9,92,-183
11,89,-184
28,84,-184
35,77,-191
41,73,-188
31,73,-195
23,72,-201
-5,63,-194
-24,60,-199
-60,52,-195
-94,32,-177
-128,10,-163
-150,-29,-133
-166,-63,-107
-163,-86,-75
-155,-106,-49
-142,-131,-36
-121,-145,-21
-98,-154,1
-88,-163,8
-74,-159,13
-60,-163,13
-47,-155,22
-40,-160,31
-36,-153,41
-26,-153,41
-20,-145,52
-17,-143,58
-10,-134,70
-12,-127,73
-5,-115,83
0,-115,90
17,-105,99
26,-95,91
44,-80,88
65,-73,97
94,-56,84
116,-49,79
132,-32,67
142,-22,53
154,-15,34
166,-15,24
173,-8,12
182,-12,-5
183,-13,-26
187,-12,-25
189,-15,-37
182,-24,-35
187,-24,-40
188,-37,-43
185,-50,-35
174,-65,-29
171,-75,-27
166,-90,-15
150,-101,4
144,-105,1
131,-115,9
117,-129,22
100,-134,26
69,-140,40
41,-138,64
9,-136,80
-22,-118,75
-60,-100,89
-88,-88,81
-119,-70,69
-146,-59,44
-161,-44,33
-175,-27,23
-175,-20,6
-177,-4,3
-173,3,1
-172,18,-5
-170,22,-2
-161,38,1
-152,50,25
-131,59,33
-113,65,56
-85,65,70
-66,65,88
-37,73,96
0,63,105
23,60,105
50,62,99
83,45,99
94,38,91
116,29,84
127,10,77
132,-4,79
125,-27,79
121,-47,85
110,-54,90
93,-78,85
76,-84,89
59,-88,91
44,-99,97
9,-97,97
-22,-92,105
-47,-87,97
-72,-72,101
-90,-57,97
-92,-33,88
-93,-32,94
-85,-15,102
-72,-4,111
-49,3,113
-29,11,112
-9,19,116
12,19,113
32,25,112
58,30,110
83,38,94
113,26,89
118,10,81
130,-9,77
126,-19,78
116,-32,81
91,-47,90
72,-57,97
44,-61,110
5,-65,118
-37,-65,111
-77,-67,99
-109,-63,77
-136,-52,46
-152,-56,30
-162,-64,9
-172,-68,-18
-172,-97,-54
-168,-98,-70
-159,-98,-90
-139,-99,-118
-129,-97,-145
-124,-84,-163
-109,-70,-173
-94,-54,-186
-81,-44,-197
-64,-26,-203
-53,-18,-214
-36,-3,-216
-27,5,-219
-15,21,-216
29,45,-207
35,56,-203
50,59,-202
57,59,-197
69,55,-192
80,59,-192
90,57,-178
106,66,-170
119,67,-164
125,66,-153
135,63,-147
135,63,-140
139,64,-131
147,65,-130
150,63,-125
141,66,-119
144,71,-117
142,77,-98
139,90,-109
137,94,-104
138,98,-106
133,98,-106
133,93,-113
134,104,-109
127,106,-109
117,110,-98
120,111,-102
118,116,-95
107,119,-98
110,121,-98
111,120,-100
110,126,-93
108,123,-95
106,127,-97
103,128,-96
93,131,-101
97,130,-97
94,132,-95
92,132,-102
91,135,-101
94,130,-97
93,131,-91
98,128,-98
100,133,-93
103,133,-79
103,128,-79
104,130,-85
106,127,-78
113,127,-75
116,123,-70
113,120,-70
121,121,-67
124,121,-67
126,119,-59
124,117,-62
131,117,-59
134,113,-60
133,105,-59
138,107,-59
134,104,-58
138,98,-64
144,97,-53
134,106,-53
151,101,-53
154,96,-49
146,94,-60
151,94,-60
146,99,-65
142,98,-79
142,100,-86
138,91,-101
134,90,-109
140,91,-120
138,82,-125
138,75,-130
133,72,-140
134,71,-136
135,60,-155
125,57,-148
127,52,-168
119,44,-169
120,38,-178
114,28,-177
110,23,-186
103,14,-191
91,0,-196
91,0,-194
85,-9,-207
80,-13,-202
72,-22,-201
69,-27,-202
57,-46,-207
55,-49,-210
52,-53,-205
45,-58,-205
44,-71,-206
35,-71,-206
36,-81,-200
30,-87,-201
17,-91,-197
21,-104,-199
19,-107,-190
15,-109,-185
8,-112,-185
12,-114,-180
5,-124,-175
2,-127,-174
-2,-133,-173
2,-134,-164
4,-141,-159
-10,-146,-164
-13,-147,-158
-16,-147,-148
-23,-149,-151
-16,-152,-146
-25,-156,-146
-29,-160,-135
-26,-160,-135
-30,-166,-126
-39,-166,-122
-36,-169,-113
-39,-170,-112
-44,-173,-109
-45,-169,-113
-42,-168,-107
-46,-177,-112
-40,-167,-113
-44,-173,-95
-46,-175,-100
-51,-173,-97
-46,-168,-90
-57,-174,-91
-49,-173,-90
-54,-179,-89
-47,-174,-89
-49,-175,-82
-59,-174,-79
-58,-180,-82
-51,-177,-95
-50,-172,-108
-43,-162,-118
-50,-162,-128
-49,-156,-131
-45,-155,-137
-40,-155,-140
-46,-152,-153
-50,-146,-152
-53,-138,-153
-50,-134,-159
-54,-143,-162
-50,-134,-164
-59,-134,-167
-61,-122,-174
-66,-118,-174
-66,-118,-181
-67,-109,-183
-70,-100,-170
-78,-104,-179
-74,-95,-183
-83,-104,-184
-85,-90,-177
-84,-81,-185
-90,-78,-186
-99,-80,-181
-100,-77,-183
-102,-77,-183
-109,-74,-180
-113,-73,-167
-109,-74,-175
-106,-78,-172
-105,-81,-173
-101,-83,-177
-102,-88,-170
-87,-97,-177
-92,-99,-172
-81,-98,-178
-79,-102,-175
-70,-98,-178
-59,-92,-191
-50,-87,-194
-34,-84,-197
-30,-81,-205
-20,-72,-202
-12,-64,-208
-3,-68,-203
-2,-74,-207
3,-77,-207
0,-73,-206
4,-75,-203
8,-74,-207
12,-72,-197
17,-77,-205
17,-84,-197
17,-74,-200
23,-80,-206
16,-73,-203
24,-74,-205
16,-78,-196
10,-79,-205
-2,-72,-207
-13,-72,-202
-22,-73,-206
-42,-67,-197
-53,-70,-202
-68,-66,-199
-79,-67,-190
-92,-66,-191
-95,-70,-185
-101,-68,-177
-105,-77,-175
-111,-75,-172
-113,-78,-167
-108,-83,-172
-107,-84,-168
-108,-85,-164
-105,-91,-163
-107,-95,-166
-104,-99,-159
-100,-107,-166
-95,-105,-161
-95,-107,-166
-95,-112,-161
-88,-114,-166
-77,-119,-161
-74,-119,-163
-75,-129,-162
-68,-129,-155
-61,-122,-157
-64,-129,-159
-60,-131,-166
-56,-126,-173
-57,-129,-172
-52,-129,-169
-47,-118,-174
-46,-121,-178
-39,-114,-185
-32,-107,-188
-26,-101,-194
-18,-95,-202
-13,-95,-197
-11,-86,-207
-9,-88,-200
1,-84,-214
3,-74,-207
7,-73,-206
9,-64,-216
15,-67,-210
17,-60,-207
19,-60,-214
14,-54,-213
18,-47,-211
16,-45,-218
14,-45,-218
9,-40,-223
0,-38,-216
-5,-38,-218
-17,-31,-211
-25,-27,-214
-39,-32,-212
-46,-20,-214
-78,-29,-206
-93,-30,-192
-95,-39,-192
-104,-36,-186
-111,-47,-179
-113,-45,-179
-114,-56,-170
-120,-57,-164
-118,-61,-167
-126,-63,-163
-120,-66,-169
-118,-71,-172
-112,-63,-166
-114,-63,-173
-112,-65,-175
-117,-67,-170
-109,-74,-170
-106,-71,-174
-109,-74,-168
-111,-80,-164
-115,-80,-164
-117,-79,-163
-124,-88,-153
-117,-93,-153
-120,-104,-145
-119,-98,-151
-122,-99,-145
-118,-108,-145
-120,-115,-135
-119,-112,-129
-122,-118,-135
-114,-114,-131
-126,-119,-126
-121,-119,-126
-117,-124,-124
-117,-128,-129
-124,-128,-119
-120,-134,-125
-121,-135,-117
-118,-136,-115
-121,-135,-114
-115,-143,-108
-118,-139,-106
-108,-136,-106
-113,-143,-106
-113,-148,-106
-112,-142,-107
-111,-143,-115
-115,-139,-123
-112,-128,-129
-113,-113,-137
-111,-106,-147
-109,-98,-151
-105,-91,-168
-93,-84,-175
-94,-80,-179
-91,-79,-188
-81,-79,-190
-74,-63,-190
-71,-64,-201
-57,-59,-206
-49,-60,-212
-39,-49,-210
-32,-49,-214
-27,-46,-219
-17,-45,-218
-5,-45,-216
-2,-44,-207
7,-38,-213
10,-46,-212
19,-42,-222
25,-36,-216
30,-40,-213
31,-44,-210
41,-37,-210
39,-40,-211
44,-40,-206
46,-45,-208
48,-42,-202
59,-42,-210
65,-43,-201
65,-40,-201
72,-54,-194
71,-46,-202
72,-59,-199
80,-44,-197
79,-45,-196
83,-51,-192
87,-51,-190
94,-49,-190
92,-53,-195
91,-52,-191
94,-58,-180
101,-56,-185
104,-49,-180
105,-54,-186
107,-59,-179
101,-58,-180
103,-59,-179
111,-63,-175
110,-61,-177
107,-57,-177
110,-66,-169
107,-57,-174
108,-67,-175
112,-68,-169
112,-61,-164
112,-68,-164
119,-71,-164
123,-67,-156
123,-72,-158
121,-71,-157
126,-78,-152
119,-78,-145
124,-78,-150
124,-80,-142
126,-90,-152
128,-90,-140
125,-95,-136
128,-92,-140
130,-88,-134
127,-95,-146
127,-88,-134
133,-80,-137
140,-80,-133
142,-75,-137
144,-70,-134
150,-59,-128
155,-53,-122
161,-54,-115
162,-51,-102
174,-46,-97
174,-39,-92
171,-38,-84
173,-26,-76
171,-22,-76
180,-24,-62
180,-8,-69
180,-3,-59
183,-4,-53
186,1,-48
180,2,-47
174,1,-38
176,8,-43
175,7,-32
174,5,-36
178,9,-30
169,12,-34
176,12,-29
176,15,-29
176,22,-38
173,25,-35
176,29,-38
175,35,-45
172,36,-48
175,35,-42
169,36,-56
168,42,-54
175,37,-45
169,38,-56
169,31,-51
175,32,-64
175,25,-71
176,19,-78
176,10,-85
168,2,-89
174,-6,-95
172,-9,-102
175,-12,-106
166,-15,-98
169,-23,-112
167,-25,-117
165,-27,-117
154,-26,-128
152,-22,-135
148,-18,-141
157,-15,-130
158,-18,-126
160,-16,-129
160,-20,-122
158,-20,-122
162,-18,-112
157,-36,-115
162,-44,-114
162,-53,-109
165,-56,-109
148,-60,-114
145,-68,-115
148,-70,-122
140,-78,-128
132,-88,-126
133,-87,-128
125,-100,-126
120,-100,-126
123,-95,-131
123,-88,-141
121,-94,-140
128,-90,-150
119,-78,-152
124,-75,-152
128,-73,-155
127,-74,-153
123,-81,-158
120,-81,-148
127,-81,-148
124,-90,-145
120,-91,-148
119,-87,-145
114,-85,-152
112,-92,-152
101,-98,-156
94,-95,-170
84,-87,-172
80,-91,-178
77,-92,-184
59,-91,-180
49,-101,-181
42,-106,-181
25,-106,-189
19,-102,-192
10,-114,-185
-8,-115,-189
-26,-120,-181
-42,-128,-166
-54,-132,-167
-58,-131,-161
-63,-131,-158
-68,-129,-159
-79,-128,-161
-78,-127,-157
-72,-133,-156
-63,-138,-161
-53,-142,-153
-45,-150,-145
-39,-149,-146
-36,-158,-147
-25,-154,-146
-23,-159,-146
-15,-153,-145
-5,-162,-130
-2,-159,-141
12,-154,-134
22,-161,-139
36,-156,-139
50,-152,-134
49,-150,-128
64,-149,-126
76,-147,-119
72,-143,-115
70,-158,-103
82,-158,-96
86,-158,-91
85,-152,-92
90,-152,-90
79,-148,-89
77,-158,-93
75,-162,-84
83,-159,-85
76,-159,-87
73,-161,-95
76,-156,-100
71,-159,-107
65,-155,-118
60,-155,-115
65,-153,-123
71,-147,-124
64,-142,-126
60,-143,-130
66,-145,-139
65,-148,-130
65,-141,-137
66,-142,-139
66,-145,-144
63,-141,-145
57,-145,-146
59,-145,-148
55,-142,-144
57,-138,-146
52,-140,-151
50,-145,-146
44,-139,-145
43,-147,-148
38,-154,-151
36,-156,-148
35,-160,-135
36,-159,-139
35,-158,-140
31,-163,-134
37,-160,-130
37,-165,-123
32,-167,-128
31,-156,-124
32,-160,-130
36,-163,-124
29,-161,-122
31,-168,-119
26,-168,-114
26,-170,-109
16,-172,-103
15,-173,-104
10,-177,-97
8,-180,-90
-3,-181,-96
-8,-186,-93
-10,-179,-89
-11,-180,-82
-18,-187,-82
-16,-182,-78
-19,-181,-79
-16,-180,-75
-26,-183,-81
-30,-182,-80
-23,-182,-80
-18,-180,-82
-16,-180,-82
-8,-176,-86
-5,-176,-86
-4,-180,-87
7,-179,-93
8,-173,-95
14,-174,-103
18,-169,-115
17,-163,-107
26,-166,-112
28,-162,-123
30,-160,-128
22,-161,-124
25,-165,-123
10,-161,-119
8,-173,-112
2,-169,-108
7,-176,-106
1,-175,-102
4,-176,-93
-8,-176,-103
-9,-175,-97
-18,-184,-92
-20,-187,-75
-27,-180,-82
-31,-181,-71
-44,-180,-70
-58,-180,-65
-59,-181,-62
-56,-187,-60
-60,-180,-56
-59,-186,-54
-61,-176,-52
-60,-182,-51
-67,-177,-51
-65,-182,-46
-60,-180,-43
-56,-180,-38
-61,-181,-45
-56,-182,-36
-40,-181,-32
-42,-180,-31
-31,-186,-37
-31,-183,-40
-25,-184,-38
-23,-182,-38
-20,-182,-34
-16,-180,-29
-6,-187,-31
10,-182,-26
14,-181,-18
19,-175,-12
18,-179,-10
25,-174,-13
22,-177,-4
26,-177,-2
32,-176,0
28,-174,2
33,-170,-2
36,-173,6
32,-169,7
36,-168,11
31,-166,11
36,-166,15
33,-168,18
38,-161,23
43,-163,15
43,-163,20
36,-154,28
45,-159,28
42,-155,34
44,-153,29
48,-152,37
45,-152,40
37,-143,44
31,-142,47
37,-148,51
32,-141,48
32,-143,46
28,-143,53
32,-148,51
26,-147,52
28,-153,46
17,-152,40
18,-153,41
9,-146,41
4,-155,46
10,-152,40
17,-159,35
24,-159,30
28,-158,22
36,-159,23
45,-161,18
52,-161,11
50,-159,11
59,-161,3
64,-156,-4
70,-160,-5
67,-155,-5
63,-162,-13
66,-166,-16
60,-167,-15
59,-170,-21
51,-172,-20
45,-170,-26
49,-176,-25
42,-179,-32
38,-177,-36
35,-179,-40
37,-179,-42
31,-177,-36
24,-177,-43
28,-183,-47
22,-177,-48
19,-187,-51
15,-184,-41
15,-182,-48
18,-179,-32
16,-186,-32
19,-175,-26
23,-181,-25
25,-181,-20
25,-174,-20
36,-177,-19
28,-174,-20
33,-177,-14
35,-167,-18
37,-179,-18
38,-175,-14
52,-175,-24
63,-172,-20
57,-170,-26
70,-167,-35
67,-162,-27
72,-169,-25
76,-166,-26
86,-160,-35
76,-170,-31
79,-165,-40
77,-165,-47
69,-168,-48
71,-175,-43
62,-173,-56
55,-177,-51
50,-177,-56
52,-173,-51
38,-177,-56
36,-184,-51
35,-179,-52
22,-177,-46
17,-182,-38
16,-183,-40
12,-182,-31
9,-181,-30
14,-179,-23
7,-183,-20
-2,-182,-26
5,-182,-12
8,-182,-9
8,-173,-7
16,-176,-5
26,-173,-7
30,-169,-3
38,-170,-12
45,-177,-9
49,-169,-20
62,-170,-24
71,-163,-31
73,-156,-29
80,-154,-36
87,-154,-41
93,-155,-45
90,-156,-46
99,-152,-53
98,-155,-54
92,-149,-63
91,-153,-74
89,-150,-79
82,-160,-81
77,-155,-86
69,-166,-85
60,-167,-86
57,-175,-78
48,-173,-78
36,-180,-78
26,-180,-70
19,-184,-65
18,-183,-54
11,-181,-54
10,-184,-48
4,-183,-40
-4,-182,-31
0,-183,-25
-2,-180,-19
-4,-177,-7
3,-177,-7
3,-180,6
9,-172,9
7,-174,17
4,-165,17
11,-165,24
14,-174,19
21,-165,19
19,-163,13
18,-162,24
32,-169,9
36,-161,6
53,-162,-3
65,-165,0
69,-156,-14
78,-156,-12
94,-156,-31
116,-147,-38
117,-136,-57
125,-128,-63
127,-124,-70
138,-115,-84
133,-115,-86
142,-120,-89
135,-106,-98
139,-105,-104
137,-93,-109
135,-101,-115
127,-102,-117
125,-109,-124
127,-102,-124
117,-115,-130
110,-132,-125
104,-135,-112
91,-141,-108
86,-153,-101
80,-156,-95
77,-158,-79
82,-160,-86
75,-162,-74
66,-170,-65
71,-163,-60
70,-165,-42
70,-165,-37
62,-161,-31
64,-163,-19
60,-162,-13
56,-165,-10
59,-168,-4
56,-167,-8
57,-166,-7
57,-163,-12
67,-160,-13
76,-163,-24
78,-163,-26
87,-154,-29
99,-147,-43
110,-139,-47
107,-139,-57
118,-135,-68
120,-133,-73
126,-132,-79
128,-120,-86
128,-118,-103
121,-113,-101
125,-117,-112
121,-111,-111
112,-120,-123
108,-119,-129
106,-126,-134
103,-120,-128
93,-129,-128
91,-134,-118
86,-136,-120
79,-148,-123
69,-156,-114
62,-161,-107
65,-169,-98
58,-165,-89
56,-174,-76
53,-176,-71
62,-177,-68
53,-176,-59
51,-176,-42
50,-177,-31
53,-172,-30
57,-177,-26
56,-169,-18
62,-161,-14
67,-169,-10
70,-162,-5
75,-155,-13
84,-158,-13
82,-153,-13
89,-150,-23
101,-152,-24
104,-142,-31
120,-135,-43
120,-131,-53
124,-132,-62
131,-134,-76
126,-134,-76
118,-128,-90
121,-129,-101
117,-127,-108
106,-126,-117
101,-131,-119
96,-129,-130
86,-139,-130
75,-143,-145
71,-140,-129
69,-147,-134
49,-158,-125
51,-155,-128
36,-166,-117
24,-168,-109
12,-182,-100
9,-174,-93
4,-174,-89
-3,-188,-81
-12,-190,-69
-13,-182,-60
-12,-186,-49
-15,-188,-49
-4,-184,-41
-3,-186,-32
10,-180,-38
15,-177,-26
21,-179,-20
29,-180,-21
38,-173,-14
48,-175,-16
49,-169,-23
63,-167,-18
66,-161,-19
75,-155,-18
84,-150,-18
93,-148,-20
97,-142,-24
100,-143,-20
100,-143,-18
105,-139,-13
99,-140,-14
99,-145,-7
98,-148,-20
93,-148,-13
93,-146,-15
91,-141,-13
100,-146,-20
94,-147,-24
100,-146,-23
105,-146,-32
103,-143,-37
106,-154,-46
100,-148,-52
91,-155,-59
84,-160,-59
80,-163,-56
72,-167,-59
78,-166,-60
75,-165,-47
79,-160,-42
86,-155,-30
92,-152,-21
101,-145,-9
116,-135,-2
119,-120,2
130,-105,3
134,-112,13
137,-93,13
138,-99,17
141,-86,13
146,-79,18
147,-78,22
140,-73,17
146,-72,20
140,-75,24
147,-71,26
140,-68,24
141,-67,30
139,-79,33
125,-88,40
119,-97,39
111,-107,35
106,-117,35
97,-124,30
85,-138,18
72,-150,19
56,-155,9
51,-160,7
49,-172,2
42,-169,-5
36,-168,-9
32,-172,-13
18,-174,-8
24,-175,-19
7,-176,-15
1,-180,-21
-11,-177,-16
-9,-180,-12
-30,-177,-16
-38,-179,-8
-45,-174,-18
-50,-176,-15
-53,-175,-14
-59,-181,-13
-65,-170,-9
-70,-170,-7
-72,-168,-4
-78,-174,-5
-78,-167,-8
-81,-163,-4
-84,-161,-2
-83,-155,0
-90,-165,-3
-85,-155,-5
-83,-160,-5
-81,-163,-2
-78,-160,2
-77,-159,-2
-73,-172,-3
-78,-167,2
-65,-168,-4
-54,-167,-5
-42,-180,-9
-42,-175,-19
-32,-177,-16
-43,-183,-20
-61,-176,-23
-67,-173,-16
-80,-172,-20
-91,-168,-24
-95,-161,-26
-99,-162,-23
-104,-155,-20
-113,-150,-25
-121,-149,-26
-122,-143,-27
-127,-143,-30
-134,-143,-35
-135,-131,-26
-133,-133,-38
-138,-128,-41
-141,-125,-45
-135,-126,-48
-135,-138,-63
-128,-142,-68
-120,-153,-71
-104,-153,-79
-83,-165,-84
-68,-172,-89
-63,-177,-87
-52,-179,-89
-40,-181,-84
-40,-183,-86
-33,-181,-76
-36,-186,-79
-19,-186,-74
-9,-187,-70
1,-187,-65
14,-188,-57
32,-186,-57
43,-175,-48
56,-174,-42
64,-170,-31
75,-167,-32
92,-156,-26
101,-147,-26
113,-133,-16
121,-127,-13
127,-112,-4
134,-109,-4
134,-105,3
134,-95,3
133,-90,7
140,-94,12
140,-92,9
140,-87,12
141,-88,15
135,-94,12
130,-100,20
125,-112,20
113,-124,15
103,-129,17
90,-140,13
76,-149,8
57,-156,6
44,-167,-3
36,-175,-14
21,-179,-10
12,-184,-29
0,-186,-27
-16,-180,-36
-25,-182,-36
-38,-183,-35
-40,-179,-40
-47,-179,-47
-52,-176,-49
-71,-174,-45
-83,-169,-42
-92,-160,-42
-102,-163,-38
-102,-159,-31
-113,-153,-40
-114,-156,-43
-125,-146,-37
-121,-149,-41
-126,-147,-43
-132,-143,-42
-121,-149,-38
-115,-148,-47
-111,-155,-42
-95,-168,-51
-81,-173,-56
-58,-182,-63
-34,-182,-70
-19,-186,-69
12,-189,-68
31,-182,-75
55,-175,-70
65,-172,-71
84,-162,-69
101,-152,-65
114,-134,-62
124,-129,-57
141,-112,-48
153,-100,-43
157,-80,-37
164,-78,-25
164,-61,-25
159,-57,-25
168,-45,-13
171,-43,-8
171,-31,4
168,-29,-3
160,-25,6
161,-24,9
168,-22,7
162,-20,11
160,-23,6
164,-29,7
165,-34,6
167,-58,3
160,-74,-12
155,-95,-26
138,-118,-35
123,-131,-46
101,-147,-58
85,-154,-63
70,-167,-64
51,-174,-67
28,-176,-67
3,-182,-73
-18,-182,-60
-27,-180,-68
-37,-184,-56
-57,-188,-49
-63,-180,-51
-71,-169,-52
-75,-172,-47
-88,-173,-51
-94,-167,-54
-95,-163,-41
-98,-161,-41
-97,-165,-45
-93,-161,-38
-91,-168,-41
-88,-168,-43
-84,-170,-48
-51,-180,-53
-23,-184,-63
15,-180,-73
44,-172,-79
90,-156,-75
113,-138,-82
135,-113,-71
151,-98,-75
159,-75,-59
166,-54,-57
171,-45,-49
171,-36,-49
179,-23,-46
173,-22,-45
178,-10,-35
175,-5,-35
172,1,-26
179,8,-26
172,10,-26
178,14,-20
175,18,-20
175,21,-15
167,24,-16
166,25,-8
168,23,-8
173,14,0
171,2,9
168,-10,7
167,-23,13
160,-42,18
159,-61,19
145,-73,14
139,-95,8
132,-98,6
124,-113,0
119,-129,0
104,-145,-19
91,-155,-20
80,-161,-38
73,-166,-43
50,-175,-56
37,-174,-62
22,-180,-68
9,-186,-74
-8,-186,-71
-12,-193,-79
-20,-182,-78
-32,-180,-70
-39,-184,-70
-50,-181,-64
-53,-182,-68
-59,-176,-62
-68,-172,-71
-78,-179,-64
-73,-172,-64
-81,-168,-60
-93,-163,-60
-100,-161,-58
-101,-160,-49
-106,-150,-54
-106,-158,-52
-102,-163,-51
-94,-160,-49
-87,-165,-62
-68,-176,-57
-64,-181,-69
-43,-179,-71
-32,-173,-85
-15,-179,-91
-5,-174,-103
-12,-167,-111
-19,-169,-113
-24,-165,-115
-34,-159,-126
-52,-158,-128
-57,-150,-142
-52,-143,-137
-57,-143,-145
-54,-141,-162
-56,-135,-158
-61,-127,-157
-60,-121,-161
-57,-122,-172
-53,-114,-175
-59,-111,-174
-50,-118,-179
-58,-117,-170
-57,-115,-181
-58,-112,-183
-59,-113,-181
-54,-113,-177
-52,-106,-179
-45,-108,-179
-39,-112,-183
-40,-118,-186
-20,-121,-178
-3,-125,-177
12,-133,-170
35,-139,-162
53,-146,-150
78,-147,-129
93,-141,-111
105,-146,-96
114,-139,-69
120,-131,-56
123,-135,-34
123,-124,-24
132,-114,-12
130,-107,-4
135,-101,4
135,-92,19
132,-88,25
132,-81,25
133,-80,31
130,-74,42
125,-67,42
128,-66,56
130,-63,57
125,-60,57
127,-53,57
125,-51,52
124,-38,68
121,-33,66
121,-33,63
121,-33,68
123,-39,62
132,-44,55
132,-63,52
134,-74,35
132,-88,37
132,-93,20
132,-95,28
128,-97,22
134,-88,28
123,-72,33
144,-44,35
135,-22,51
128,-10,61
128,-12,61
121,-12,63
119,-8,63
123,-2,67
114,4,70
111,17,74
103,16,80
92,12,79
89,25,85
83,26,91
71,36,89
65,32,97
53,28,95
42,35,107
37,37,97
29,36,101
21,39,107
19,29,106
11,37,100
14,37,107
7,42,110
5,38,108
1,36,108
10,38,101
7,51,105
18,49,100
33,64,86
39,77,88
57,66,79
72,77,70
86,79,63
91,77,56
94,85,57
93,89,48
93,93,41
94,94,42
89,98,39
96,96,46
89,96,41
85,97,47
78,104,52
67,96,53
58,96,61
58,103,73
46,93,70
41,90,74
28,91,70
28,93,73
35,100,63
38,106,57
41,116,57
46,112,51
49,117,46
56,117,44
70,112,48
90,104,47
85,92,42
110,82,44
128,58,44
134,41,40
148,38,37
146,38,35
145,37,29
146,45,35
140,58,26
140,72,24
131,79,24
128,79,24
124,93,22
118,90,20
121,93,19
120,94,13
134,85,15
144,78,11
150,53,9
155,50,11
157,39,4
165,38,1
169,29,-9
174,29,-9
175,11,-18
178,0,-27
181,-4,-26
179,-6,-34
176,5,-41
176,15,-36
174,33,-41
169,43,-34
161,60,-30
157,65,-18
145,65,-5
140,72,7
131,77,26
123,76,33
113,71,52
105,67,58
91,75,66
82,72,68
72,70,90
65,60,85
57,57,84
48,48,96
51,44,107
44,35,105
42,28,114
41,29,103
43,17,106
48,10,108
57,3,106
67,-12,110
69,-16,96
82,-31,100
90,-34,89
97,-49,77
99,-63,74
101,-74,72
111,-86,62
112,-99,46
111,-112,45
103,-127,22
96,-132,17
84,-153,2
76,-159,-2
62,-166,-7
41,-170,-9
22,-180,-12
3,-182,-21
-17,-186,-25
-38,-179,-25
-53,-180,-26
-67,-175,-21
-74,-177,-29
-84,-168,-26
-94,-158,-18
-102,-161,-21
-95,-156,-24
-90,-167,-18
-63,-175,-26
-31,-179,-37
-3,-188,-49
33,-182,-60
49,-174,-71
45,-170,-80
30,-179,-76
2,-183,-71
-23,-187,-70
-40,-179,-67
-45,-179,-76
-52,-188,-71
-61,-176,-69
-83,-176,-67
-84,-166,-60
-87,-169,-64
-73,-181,-57
-47,-176,-52
-29,-186,-59
1,-187,-58
30,-176,-47
48,-180,-53
59,-168,-48
65,-158,-47
64,-168,-46
39,-179,-37
-3,-179,-37
-45,-176,-27
-73,-167,-30
-72,-173,-31
-71,-169,-32
-52,-174,-40
-31,-183,-47
8,-177,-51
52,-180,-63
83,-156,-58
75,-160,-57
53,-172,-54
5,-182,-51
-33,-181,-52
-50,-188,-47
-31,-183,-57
8,-182,-60
52,-168,-60
90,-154,-75
126,-127,-69
123,-128,-75
120,-133,-70
99,-149,-73
66,-163,-70
29,-175,-65
10,-177,-63
1,-184,-68
1,-180,-73
7,-181,-74
17,-184,-75
29,-180,-80
46,-174,-76
65,-169,-81
71,-163,-75
84,-155,-76
107,-141,-89
123,-128,-80
127,-119,-87
123,-124,-85
98,-146,-79
72,-167,-79
30,-181,-74
-2,-187,-73
-20,-187,-73
-23,-182,-68
-9,-182,-80
-2,-182,-78
25,-179,-79
56,-167,-93
84,-155,-101
106,-135,-102
104,-138,-100
86,-150,-96
50,-173,-82
11,-183,-84
-18,-184,-75
-33,-186,-71
-33,-183,-84
-33,-179,-86
-23,-177,-95
-13,-175,-104
-10,-162,-128
12,-159,-141
14,-141,-157
22,-126,-168
21,-127,-177
30,-120,-177
24,-112,-180
18,-115,-184
26,-112,-185
30,-108,-189
26,-105,-188
26,-105,-195
33,-107,-192
23,-104,-189
19,-105,-195
26,-95,-195
42,-85,-191
62,-65,-202
93,-43,-201
111,-11,-183
130,26,-168
139,50,-146
137,73,-124
137,87,-97
131,105,-74
117,121,-54
113,123,-36
110,119,-40
113,130,-41
103,131,-35
101,130,-26
98,131,-20
98,126,-15
105,126,-20
121,107,-8
133,93,-3
150,75,-8
159,56,-23
176,36,-29
178,11,-37
183,-9,-58
175,-33,-79
162,-65,-109
130,-93,-136
90,-107,-158
63,-115,-167
35,-120,-179
17,-112,-180
-8,-108,-189
-32,-107,-185
-53,-105,-185
-77,-107,-180
-85,-104,-177
-104,-111,-162
-102,-119,-161
-93,-119,-158
-70,-119,-170
-59,-108,-181
-42,-107,-197
-27,-95,-197
-26,-85,-206
-10,-83,-203
0,-68,-203
4,-61,-216
15,-63,-214
12,-51,-219
15,-56,-212
15,-58,-210
15,-60,-212
18,-64,-216
22,-60,-214
9,-57,-211
10,-58,-212
14,-68,-208
11,-66,-208
10,-65,-210
7,-73,-211
0,-71,-211
-8,-66,-211
-13,-70,-202
-12,-64,-211
-18,-72,-207
-13,-74,-212
-16,-70,-210
-18,-70,-207
-11,-74,-210
-19,-71,-208
-12,-68,-206
-12,-71,-208
-18,-77,-210
-10,-78,-211
-4,-65,-205
-20,-72,-205
-10,-66,-203
-8,-61,-211
-10,-57,-203
-17,-59,-206
-17,-61,-208
-18,-67,-212
-24,-68,-208
-23,-72,-207
-25,-67,-202
-29,-71,-206
-22,-75,-208
-25,-70,-210
-25,-70,-202
-26,-66,-216
-27,-67,-212
-26,-64,-208
-31,-66,-208
-31,-66,-211
-31,-68,-206
-38,-64,-211
-32,-63,-207
-32,-56,-210
-32,-51,-210
-34,-51,-212
-29,-45,-213
-32,-34,-217
-30,-34,-210
-26,-38,-218
-26,-31,-218
-29,-29,-216
-22,-33,-216
-20,-23,-217
-22,-22,-213
-30,-23,-210
-25,-23,-219
-24,-26,-211
-29,-22,-218
-27,-25,-217
-29,-24,-218
-32,-23,-219
-27,-23,-217
-29,-19,-218
-26,-24,-221
-30,-25,-210
-30,-20,-214
-29,-19,-221
-31,-17,-218
-30,-20,-222
-29,-17,-213
-40,-19,-216
-39,-9,-214
-38,-12,-223
-42,-16,-217
