-93,-20,34
-95,-25,39
-94,-21,36
-94,-26,33
-96,-21,36
-100,-18,30
-99,-21,40
-96,-24,36
-88,-22,37
-99,-24,33
-128,-51,9
-128,-44,12
-126,-44,4
-128,-44,16
-123,-41,13
-126,-42,16
-131,-44,14
-127,-34,20
-120,-36,10
-129,-39,13
-124,-35,21
-126,-37,21
-125,-27,30
-120,-25,22
-121,-21,36
-116,-20,32
-115,-28,31
-112,-42,26
-109,-52,27
-107,-66,25
-91,-75,20
-72,-80,22
-63,-82,25
-54,-87,30
-34,-80,34
-28,-79,33
-15,-66,44
-4,-48,49
-2,-25,56
-4,-11,58
-2,8,68
-12,18,67
-27,31,63
-32,41,64
-51,59,52
-59,72,49
-64,85,45
-78,92,38
-80,85,36
-97,81,34
-110,73,26
-134,79,6
-152,84,-14
-165,85,-44
-161,91,-57
-161,86,-67
-168,95,-71
-167,94,-82
-169,96,-97
-166,88,-96
-166,81,-100
-169,76,-92
-181,62,-77
-175,54,-67
-183,27,-56
-175,8,-33
-154,-6,-16
-151,-17,-10
-146,-24,2
-135,-21,7
-127,-20,20
-117,0,31
-94,13,45
-69,27,60
-55,32,60
-37,46,69
-32,62,67
-20,56,61
-2,47,68
1,44,63
18,43,69
17,26,66
28,19,73
33,12,68
37,-4,61
42,-25,54
49,-39,49
42,-48,46
42,-57,44
36,-56,43
34,-58,45
23,-50,44
3,-36,51
-8,-18,66
-78,27,48
-115,34,40
-131,41,16
-143,49,10
-153,66,-13
-164,79,-33
-154,104,-62
-148,114,-81
-144,129,-102
-145,130,-136
-133,124,-157
-120,130,-182
-102,123,-199
-85,117,-215
-66,125,-223
-54,114,-228
-55,122,-231
-51,119,-231
-52,116,-228
-60,122,-234
-67,112,-234
-83,106,-227
-103,92,-217
-126,78,-205
-145,58,-199
-162,48,-179
-172,39,-167
-180,21,-146
-185,13,-118
-186,5,-98
-185,6,-77
-175,-2,-47
-169,2,-20
-153,2,2
-129,3,18
-117,11,36
-91,19,51
-63,24,56
-32,34,60
-2,42,58
33,49,54
38,66,55
42,67,44
52,66,50
57,66,55
70,55,50
69,44,51
73,39,55
65,31,51
68,27,50
63,25,45
58,21,51
66,13,52
55,10,54
52,-7,55
57,-7,55
62,-18,51
67,-15,42
70,-19,45
77,-21,38
75,-35,43
73,-28,38
70,-28,43
69,-34,30
70,-37,38
62,-43,44
53,-50,49
51,-48,46
43,-42,52
36,-49,50
31,-56,55
36,-54,43
31,-67,36
30,-78,32
25,-88,24
13,-90,19
11,-102,12
-2,-110,8
-6,-117,-2
-16,-116,-8
-12,-125,-15
-32,-123,-13
-44,-107,2
-61,-87,18
-81,-59,27
-79,-34,37
-109,5,37
-110,18,43
-111,38,30
-115,48,28
-113,56,32
-120,63,25
-121,71,19
-127,63,15
-118,70,22
-121,71,12
-127,61,22
-120,61,30
-120,56,25
-115,55,36
-115,46,33
-115,43,33
-100,35,37
-97,38,42
-88,35,46
-85,32,45
-80,36,50
-59,31,61
-46,20,60
-30,29,62
-11,28,73
-8,21,66
4,18,67
26,12,63
45,13,57
59,11,48
70,6,43
87,8,30
106,10,22
118,6,9
131,5,6
134,4,-8
143,4,-25
152,-3,-39
161,-5,-56
159,2,-75
161,0,-82
169,-4,-96
163,-4,-110
164,-3,-121
159,0,-126
168,0,-135
165,-4,-136
164,-3,-140
165,-2,-136
161,0,-138
167,3,-127
173,2,-123
166,2,-102
165,3,-79
157,0,-63
149,1,-35
138,-2,-16
117,-6,13
92,-6,22
61,-12,40
43,-10,55
14,-4,61
0,-10,62
-27,-11,63
-56,-6,54
-70,-11,51
-89,-14,36
-116,-11,30
-128,-12,12
-142,-14,0
-154,-11,-23
-164,-20,-40
-177,-18,-55
-173,-13,-81
-177,-11,-103
-176,-10,-128
-174,-14,-145
-158,-12,-179
-149,-5,-195
-132,-2,-216
-118,-2,-223
-117,0,-229
-103,4,-239
-92,2,-241
-92,4,-244
-87,2,-251
-83,0,-251
-78,0,-244
-84,-2,-252
-95,-4,-240
-103,-5,-236
-119,-14,-224
-135,-19,-203
-157,-22,-175
-172,-26,-145
-170,-25,-110
-174,-26,-75
-164,-25,-35
-143,-29,-9
-123,-39,10
-115,-37,14
-100,-36,25
-97,-32,32
-88,-27,32
-84,-22,42
-83,-19,36
-83,-19,43
-78,-19,40
-76,-19,43
-78,-21,48
-78,-19,45
-73,-19,45
-76,-14,45
-70,-9,44
-73,-12,48
-70,3,49
-70,10,51
-62,11,50
-62,32,57
-63,44,49
-52,65,46
-55,78,36
-60,85,40
-58,99,36
-66,100,37
-67,89,40
-64,76,43
-75,77,44
-76,62,40
-88,58,37
-102,42,46
-101,27,43
-116,14,34
-112,20,28
-118,14,25
-121,4,24
-124,-3,21
-131,-3,24
-133,-14,12
-132,-15,8
-136,-22,1
-137,-28,0
-132,-41,8
-125,-55,13
-112,-60,9
-100,-73,13
-100,-75,1
-103,-70,2
-109,-71,3
-116,-68,6
-113,-62,-2
-111,-66,3
-119,-63,7
-116,-64,-4
-109,-71,-7
-117,-81,-15
-112,-79,-10
-113,-82,-16
-109,-85,-19
-110,-81,-15
-105,-88,-13
-100,-89,-16
-99,-86,-22
-102,-87,-14
-102,-92,-19
-102,-92,-9
-97,-92,-11
-105,-86,-13
-97,-96,-16
-91,-94,-11
-79,-105,-21
-72,-110,-23
-56,-117,-28
-46,-125,-32
-32,-130,-32
-26,-118,-27
-11,-128,-28
12,-124,-40
29,-125,-39
34,-123,-46
45,-111,-34
59,-102,-37
73,-95,-37
79,-88,-37
99,-80,-40
108,-73,-55
130,-67,-68
140,-52,-84
147,-43,-108
147,-36,-117
150,-26,-121
149,-25,-129
155,-17,-138
150,-14,-128
152,-7,-140
157,-10,-142
160,-9,-141
161,-14,-140
163,-9,-139
163,-2,-141
159,18,-130
164,34,-142
163,54,-139
157,59,-140
155,76,-142
153,84,-144
148,92,-147
143,99,-145
136,110,-142
134,117,-138
128,125,-141
128,125,-151
122,130,-151
115,134,-158
115,137,-163
112,144,-170
107,147,-164
95,145,-169
100,152,-159
96,148,-161
88,149,-171
75,156,-179
57,161,-183
31,170,-188
14,171,-185
-11,171,-189
-39,168,-188
-48,159,-188
-59,155,-185
-70,153,-187
-71,152,-195
-76,142,-200
-83,140,-195
-89,135,-195
-100,130,-201
-96,126,-200
-110,117,-203
-112,110,-203
-117,101,-212
-121,94,-203
-128,78,-207
-133,64,-207
-143,44,-211
-136,21,-199
-137,2,-203
-136,-11,-204
-136,-36,-194
-134,-43,-197
-129,-57,-197
-129,-62,-192
-116,-68,-189
-110,-74,-195
-102,-75,-204
-96,-86,-205
-85,-77,-212
-77,-75,-209
-63,-80,-223
-44,-86,-222
-18,-85,-221
14,-73,-230
47,-65,-234
68,-51,-231
76,-48,-228
84,-40,-231
84,-28,-231
80,-32,-238
77,-26,-234
76,-15,-240
71,-15,-242
78,-15,-245
74,-13,-240
77,-10,-246
77,-10,-239
94,-2,-235
92,-2,-238
95,18,-231
109,32,-234
111,53,-231
112,72,-218
98,96,-215
98,112,-207
91,122,-205
82,126,-205
80,139,-211
65,137,-209
58,139,-209
60,141,-206
51,144,-209
38,147,-217
36,142,-219
27,142,-222
27,138,-227
29,140,-219
15,140,-222
4,142,-224
-5,138,-229
-15,134,-235
-27,127,-228
-39,122,-236
-52,111,-245
-59,102,-238
-61,95,-242
-58,99,-244
-63,95,-242
-68,88,-245
-77,81,-242
-76,80,-246
-78,82,-246
-75,77,-245
-75,74,-254
-71,64,-258
-70,63,-254
-70,61,-262
-72,51,-257
-78,50,-251
-75,42,-252
-87,29,-244
-104,10,-240
-104,-13,-240
-102,-36,-235
-92,-51,-229
-67,-58,-234
-54,-64,-235
-47,-73,-228
-37,-88,-227
-22,-94,-213
-18,-98,-209
-6,-101,-201
-2,-110,-201
9,-111,-200
22,-104,-203
25,-100,-210
43,-97,-215
46,-85,-221
47,-88,-212
52,-77,-219
62,-66,-223
66,-60,-231
77,-44,-236
83,-15,-240
75,2,-251
79,34,-251
71,49,-257
52,64,-258
51,70,-259
46,79,-259
43,78,-263
37,74,-262
28,79,-254
26,74,-266
21,77,-266
21,77,-262
20,76,-268
17,77,-269
9,76,-268
-2,77,-266
7,70,-264
7,70,-266
7,72,-269
10,72,-266
18,64,-263
27,53,-268
35,44,-274
34,48,-270
25,46,-270
14,49,-274
10,49,-276
3,47,-274
5,49,-264
2,55,-275
-4,65,-271
-3,69,-270
-13,58,-264
-19,66,-268
-24,49,-271
-47,49,-269
-58,48,-260
-61,44,-259
-78,29,-256
-88,19,-250
-103,13,-244
-105,4,-236
-110,2,-239
-117,-14,-234
-112,-24,-227
-111,-29,-223
-104,-39,-223
-97,-48,-225
-100,-50,-221
-96,-56,-219
-92,-49,-224
-91,-66,-223
-85,-67,-222
-75,-75,-225
-69,-74,-229
-68,-78,-221
-50,-85,-218
-23,-90,-219
7,-80,-223
43,-79,-224
54,-67,-222
71,-55,-221
79,-51,-224
82,-42,-224
88,-37,-227
87,-29,-225
93,-14,-227
102,-14,-227
101,-4,-230
103,8,-230
96,10,-233
92,10,-240
90,8,-242
87,3,-242
86,-5,-239
77,-7,-244
75,0,-244
83,-4,-245
86,0,-244
94,-2,-242
87,12,-240
100,16,-236
115,19,-225
128,38,-221
132,55,-207
122,77,-209
119,102,-204
103,120,-204
95,138,-198
83,146,-192
73,147,-188
66,152,-195
67,157,-189
63,152,-195
61,154,-195
61,154,-200
52,156,-193
57,161,-198
46,160,-199
47,147,-205
38,152,-200
36,154,-200
36,149,-215
36,129,-227
54,112,-239
66,92,-244
77,78,-253
74,79,-257
65,77,-247
69,74,-250
66,71,-251
62,67,-252
54,64,-258
44,61,-262
23,56,-264
18,50,-270
5,44,-269
-2,44,-271
-5,36,-272
-4,33,-262
-2,38,-269
0,48,-263
-4,33,-266
-8,40,-266
-16,39,-265
-18,38,-276
-18,38,-271
-23,39,-268
-23,36,-265
-20,33,-269
-19,29,-268
-21,29,-268
-23,25,-268
-22,26,-264
-28,20,-263
-31,21,-257
-30,23,-272
-30,27,-270
-35,29,-270
-28,27,-270
-26,32,-265
-28,29,-268
-35,23,-265
-36,21,-266
-35,20,-272
-38,21,-266
-28,18,-270
-27,3,-266
-27,1,-264
-19,-5,-270
-8,-13,-264
-3,-14,-260
11,-19,-265
7,-20,-264
18,-33,-258
21,-43,-247
21,-52,-242
34,-58,-241
37,-71,-225
51,-80,-223
59,-83,-205
58,-94,-206
62,-101,-187
59,-118,-164
60,-124,-146
60,-126,-132
60,-126,-122
54,-134,-114
54,-132,-116
55,-131,-105
45,-132,-97
52,-134,-80
46,-126,-64
46,-121,-52
45,-120,-51
47,-123,-49
47,-123,-46
57,-120,-32
55,-101,-16
58,-89,1
59,-83,4
65,-78,6
54,-81,9
68,-86,12
62,-68,15
59,-70,24
58,-62,30
23,-45,39
-4,-39,51
-35,-26,60
-68,-13,56
-81,-11,44
-94,-5,48
-105,-5,33
-119,-7,26
-131,0,12
-148,-9,3
-160,-12,-8
-158,-24,-27
-165,-37,-39
-159,-55,-52
-153,-77,-65
-139,-92,-81
-132,-103,-96
-113,-112,-93
-104,-119,-88
-93,-121,-79
-78,-127,-61
-70,-128,-45
-53,-123,-37
-36,-126,-23
-22,-117,-19
-3,-116,-10
12,-105,-4
30,-92,1
53,-92,6
76,-66,1
106,-50,-7
133,-36,-35
143,-30,-46
152,-17,-80
151,-18,-88
161,-24,-82
155,-21,-70
149,-25,-57
140,-32,-47
141,-30,-39
130,-24,-15
116,-24,0
94,-20,20
67,-13,32
47,-28,40
31,-17,52
7,-11,66
-14,-14,64
-32,-7,60
-55,-7,52
-76,-14,50
-91,-15,32
-107,-25,34
-112,-30,19
-121,-44,9
-129,-52,-7
-137,-58,-22
-137,-67,-27
-131,-86,-49
-128,-93,-65
-121,-100,-82
-118,-112,-98
-104,-117,-108
-93,-131,-122
-80,-125,-128
-68,-128,-127
-53,-132,-128
-47,-135,-127
-44,-130,-133
-32,-130,-152
-24,-119,-170
-21,-111,-186
-22,-96,-201
-12,-74,-229
-11,-59,-235
-13,-52,-250
63,11,-246
70,6,-251
74,19,-254
70,20,-248
73,25,-248
74,24,-242
82,32,-246
74,40,-245
74,40,-247
68,50,-244
60,54,-250
51,54,-252
31,59,-251
13,48,-263
19,42,-266
18,32,-258
23,24,-262
28,14,-266
35,12,-262
53,5,-257
60,-2,-254
63,-10,-246
52,-10,-256
45,-10,-248
49,-9,-250
29,-10,-253
25,-12,-260
7,-25,-259
-7,-26,-256
-10,-30,-256
-21,-19,-256
-21,-28,-256
-24,-25,-259
-23,-17,-258
-22,-22,-257
-24,-32,-257
-14,-42,-251
1,-43,-247
15,-58,-241
33,-59,-235
42,-57,-235
51,-68,-221
55,-80,-218
59,-90,-198
62,-96,-185
58,-117,-163
59,-116,-140
60,-119,-120
73,-120,-106
73,-118,-97
71,-119,-76
69,-112,-55
70,-111,-46
66,-107,-34
52,-102,-8
50,-88,2
42,-82,8
50,-77,7
45,-77,14
44,-75,18
29,-72,21
22,-77,24
6,-83,21
-14,-88,26
-38,-89,13
-56,-87,15
-75,-94,3
-88,-94,-11
-89,-97,-20
-103,-100,-32
-102,-98,-38
-97,-105,-40
-87,-111,-37
-73,-116,-39
-55,-125,-37
-37,-134,-34
-21,-127,-46
-10,-132,-58
-7,-134,-61
-2,-131,-71
3,-138,-96
4,-134,-116
5,-133,-127
-5,-134,-126
-3,-132,-142
-5,-134,-140
1,-126,-163
-4,-124,-163
-6,-121,-173
-3,-125,-171
-2,-131,-168
-6,-124,-173
-10,-116,-179
-16,-116,-186
-37,-109,-183
-58,-104,-191
-71,-97,-191
-84,-89,-201
-93,-82,-204
-94,-79,-210
-91,-73,-209
-86,-78,-206
-85,-81,-200
-85,-90,-200
-64,-100,-198
-58,-102,-198
-51,-107,-193
-32,-104,-198
-27,-103,-201
-32,-97,-207
-40,-96,-211
-47,-89,-216
-58,-79,-217
-73,-70,-222
-73,-70,-227
-80,-65,-227
-80,-63,-224
-78,-65,-231
-83,-70,-219
-81,-73,-213
-78,-81,-215
-61,-87,-204
-58,-97,-207
-47,-103,-201
-39,-95,-207
-37,-95,-207
-37,-100,-212
-46,-90,-212
-55,-93,-212
-70,-85,-204
-81,-80,-213
-88,-75,-213
-97,-73,-218
-94,-67,-210
-95,-71,-204
-97,-75,-206
-97,-82,-204
-97,-87,-197
-77,-94,-189
-64,-107,-188
-37,-111,-186
-22,-121,-177
-13,-131,-165
5,-124,-158
21,-133,-153
49,-126,-139
76,-119,-120
82,-111,-104
95,-104,-73
96,-96,-55
83,-92,-35
74,-89,-19
58,-82,1
46,-78,10
21,-80,20
14,-75,27
4,-74,36
-4,-62,39
-4,-50,44
-12,-40,55
-14,-24,60
-14,-19,62
-21,-17,64
-29,-18,66
-34,-27,51
-40,-36,56
-56,-50,42
-67,-60,36
-76,-77,12
-79,-92,-7
-85,-100,-27
-80,-120,-53
-78,-134,-82
-68,-133,-105
-58,-132,-118
-52,-135,-136
-35,-132,-150
-26,-130,-162
-19,-130,-159
-18,-124,-165
-19,-127,-154
-12,-125,-154
-4,-128,-151
-2,-133,-151
2,-136,-138
-6,-135,-132
-4,-142,-105
5,-138,-88
4,-136,-68
7,-126,-45
11,-120,-22
21,-103,-7
26,-94,6
34,-83,4
41,-77,19
52,-60,26
63,-42,33
78,-25,18
94,-6,25
103,5,15
110,19,8
122,33,13
131,40,-4
127,50,-3
119,56,1
122,61,-2
122,58,13
122,67,6
117,74,1
115,79,8
112,79,1
111,80,16
107,73,19
98,73,36
88,59,38
75,41,50
63,18,57
47,-10,57
29,-42,48
19,-66,42
10,-85,25
3,-105,10
6,-116,0
11,-116,-10
17,-121,-26
19,-119,-31
27,-120,-37
33,-126,-47
22,-127,-58
19,-135,-55
7,-128,-50
6,-136,-49
1,-131,-43
-4,-131,-31
10,-126,-26
17,-117,-19
29,-113,-15
46,-105,-9
73,-90,-10
93,-74,-13
122,-45,-19
140,-11,-21
138,-2,-23
142,5,-21
147,14,-23
146,23,-22
149,26,-31
148,23,-27
152,27,-32
153,19,-33
155,16,-37
140,-9,-31
125,-40,-25
108,-64,-23
74,-89,-11
39,-101,-11
19,-110,-9
-3,-118,-8
-7,-113,-13
-12,-120,-13
-15,-119,-2
-10,-120,-15
-14,-123,-17
-6,-124,-21
-6,-121,-16
-7,-118,-17
10,-119,-21
9,-125,-20
19,-110,-23
41,-116,-22
66,-102,-41
99,-96,-57
115,-80,-96
140,-68,-108
150,-47,-114
159,-33,-126
155,-30,-123
151,-32,-124
147,-45,-127
136,-65,-140
110,-80,-141
76,-110,-153
30,-124,-161
-8,-128,-158
-44,-139,-140
-70,-133,-127
-89,-125,-114
-105,-120,-102
-117,-118,-85
-126,-107,-77
-118,-108,-71
-121,-107,-73
-123,-105,-67
-133,-95,-65
-128,-95,-65
-137,-93,-63
-139,-89,-57
-142,-90,-53
-137,-83,-46
-137,-83,-51
-141,-68,-35
-140,-63,-22
-134,-64,-9
-123,-50,6
-118,-43,13
-111,-39,18
-104,-25,30
-94,-10,40
-85,-10,43
-80,-5,48
-70,-18,51
-64,-26,43
-59,-55,39
-48,-77,31
-36,-92,18
-31,-105,1
-27,-110,-9
-30,-116,-22
-30,-120,-37
-35,-130,-37
-40,-133,-45
-38,-128,-47
-54,-128,-62
-73,-123,-68
-81,-121,-76
-95,-115,-86
-105,-113,-80
-107,-112,-81
-115,-111,-85
-120,-94,-84
-131,-97,-82
-133,-88,-75
-135,-81,-70
-146,-74,-63
-146,-60,-41
-151,-47,-37
-149,-30,-27
-151,-14,-13
-140,0,-3
-132,12,10
-126,9,19
-116,14,20
-95,19,39
-86,28,49
-62,23,57
-39,13,52
-16,4,67
-8,3,56
10,-2,51
26,-15,56
25,-30,48
26,-50,42
18,-70,31
7,-71,25
-6,-94,15
-19,-95,12
-32,-104,-3
-53,-109,-8
-64,-107,-29
-77,-119,-38
-92,-107,-51
-101,-116,-68
-104,-112,-79
-111,-115,-91
-105,-113,-85
-107,-108,-86
-119,-113,-90
-113,-110,-79
-112,-109,-75
-123,-108,-64
-112,-107,-75
-107,-103,-103
-115,-104,-106
-117,-104,-123
-115,-111,-126
-118,-103,-129
-119,-104,-130
-117,-102,-145
-116,-92,-144
-125,-92,-144
-127,-94,-148
-129,-85,-148
-137,-88,-142
-136,-85,-134
-136,-89,-134
-137,-83,-133
-141,-85,-127
-140,-86,-126
-142,-81,-128
-145,-85,-129
-142,-79,-126
-142,-81,-126
-135,-83,-123
-143,-87,-129
-145,-82,-132
-149,-77,-133
-145,-75,-144
-145,-64,-158
-136,-57,-173
-132,-45,-194
-118,-29,-216
-102,-6,-240
-84,3,-252
-66,28,-262
-51,43,-265
-35,66,-268
-26,66,-263
-24,86,-262
-21,99,-265
-16,103,-253
-7,117,-239
-10,131,-236
-2,137,-228
-4,148,-221
-13,148,-216
-29,150,-209
-43,150,-204
-59,139,-204
-76,131,-200
-92,131,-205
-103,119,-205
-113,114,-189
-127,104,-180
-135,85,-176
-148,74,-173
-154,65,-168
-161,44,-158
-162,39,-159
-161,21,-165
-162,2,-167
-151,-5,-174
-150,-11,-192
-133,-14,-198
-125,-18,-218
-113,-22,-223
-100,-29,-235
-84,-29,-240
-66,-34,-250
-50,-39,-252
-30,-37,-256
-15,-39,-252
-11,-50,-257
5,-55,-252
10,-52,-252
21,-50,-250
17,-52,-254
21,-48,-252
36,-44,-253
25,-35,-256
30,-29,-259
27,-24,-263
19,-15,-264
15,-3,-272
9,6,-270
6,6,-272
-7,9,-270
-23,2,-270
-47,-4,-269
-62,-10,-256
-85,-14,-246
-108,-14,-227
-123,-22,-216
-131,-28,-198
-144,-40,-186
-151,-44,-167
-148,-43,-163
-148,-57,-151
-148,-64,-151
-145,-66,-151
-144,-77,-152
-131,-79,-159
-115,-88,-174
-103,-93,-183
-95,-89,-197
-78,-88,-210
-66,-78,-223
-52,-73,-235
-40,-59,-245
-34,-50,-259
-15,-32,-269
-12,18,-268
-14,23,-270
-23,36,-270
-28,59,-268
-32,55,-265
-31,72,-262
-47,74,-254
-51,76,-258
-50,81,-242
-69,80,-251
-68,81,-242
-70,74,-247
-76,69,-248
-71,59,-253
-70,38,-259
-62,16,-256
-56,3,-257
-55,-12,-258
-50,-25,-259
-45,-45,-252
-47,-55,-235
-42,-70,-239
-44,-74,-236
-48,-77,-229
-50,-85,-230
-58,-79,-229
-67,-74,-222
-80,-67,-217
-102,-66,-225
-108,-44,-215
-118,-48,-206
-124,-33,-215
-133,-19,-212
-131,-26,-212
-136,-15,-199
-144,-10,-195
-142,-10,-195
-146,-3,-195
-146,-7,-193
-151,4,-193
-152,17,-187
-157,19,-180
-159,42,-182
-158,53,-171
-167,71,-152
-162,82,-133
-158,92,-133
-157,104,-129
-150,109,-136
-148,109,-120
-145,118,-122
-137,119,-123
-137,119,-116
-143,114,-115
-145,114,-115
-148,107,-110
-151,103,-99
-150,97,-98
-149,92,-82
-153,89,-61
-167,85,-63
-150,77,-52
-156,76,-51
-154,65,-45
-161,63,-50
-159,56,-50
-158,62,-63
-165,66,-63
-160,80,-68
-153,92,-65
-149,108,-68
-146,108,-70
-149,112,-73
-144,108,-70
-149,92,-68
-154,81,-69
-164,63,-67
-174,46,-65
-172,32,-68
-172,36,-75
-165,41,-73
-172,43,-73
-167,48,-61
-166,61,-59
-154,65,-59
-153,78,-61
-148,81,-57
-150,88,-55
-146,89,-58
-152,81,-59
-159,72,-59
-164,58,-71
-174,55,-82
-174,34,-92
-175,26,-100
-176,11,-102
-172,11,-106
-173,14,-105
-176,11,-106
-176,16,-109
-174,23,-104
-177,21,-108
-183,36,-116
-181,39,-111
-178,34,-114
-175,28,-120
-172,20,-118
-176,11,-126
-175,5,-129
-172,0,-130
-174,4,-138
-175,8,-134
-168,14,-146
-169,20,-145
-172,29,-150
-172,25,-152
-176,20,-152
-167,20,-152
-159,17,-161
-166,5,-165
-169,-3,-162
-174,0,-157
-173,-4,-156
-172,0,-142
-173,5,-134
-178,13,-135
-182,24,-122
-176,39,-118
-180,54,-120
-182,56,-117
-177,47,-112
-177,44,-124
-176,32,-123
-184,8,-120
-175,-13,-124
-175,-27,-129
-165,-42,-133
-159,-59,-127
-161,-59,-129
-156,-63,-128
-156,-60,-140
-160,-54,-150
-167,-35,-159
-167,-10,-171
-170,17,-170
-167,50,-164
-168,79,-161
-150,102,-168
-128,124,-164
-123,139,-161
-111,141,-158
-103,149,-162
-75,169,-165
-47,176,-161
-36,185,-163
-20,187,-165
10,180,-168
31,182,-167
51,183,-168
45,177,-176
37,178,-177
41,179,-176
36,177,-181
30,180,-175
10,178,-175
-19,182,-176
-56,171,-170
-89,156,-174
-111,134,-189
-126,122,-188
-141,100,-187
-150,84,-185
-158,76,-179
-168,56,-165
-172,48,-154
-178,34,-138
-183,29,-114
-186,28,-96
-177,10,-71
-173,1,-45
-158,-12,-34
-154,-25,-23
-144,-37,-13
-132,-41,-11
-121,-54,-15
-125,-62,-19
-111,-64,-21
-121,-70,-20
-137,-58,-34
-154,-34,-45
-178,2,-61
-183,39,-77
-156,85,-87
-144,122,-99
-127,134,-98
-108,149,-104
-80,168,-106
-54,183,-112
-37,186,-104
-38,187,-100
-58,184,-97
-101,161,-94
-135,126,-97
-164,86,-93
-175,63,-96
-180,47,-88
-175,24,-84
-184,14,-88
-180,1,-86
-183,-5,-87
-184,-11,-88
-184,10,-88
-178,36,-94
-170,77,-98
-152,114,-108
-120,141,-108
-78,172,-116
-39,186,-121
-14,191,-123
9,193,-130
29,188,-130
60,180,-134
84,168,-135
95,165,-138
94,162,-141
76,171,-141
31,198,-138
-22,197,-134
-83,170,-140
-131,142,-150
-143,120,-153
-142,122,-164
-129,123,-161
-116,137,-165
-95,155,-168
-51,184,-164
1,183,-175
41,170,-186
67,157,-185
80,148,-194
91,138,-198
96,134,-204
85,139,-209
63,156,-198
26,176,-194
-34,174,-192
-84,146,-204
-116,111,-213
-134,91,-213
-133,85,-219
-137,69,-219
-134,72,-218
-124,80,-224
-109,95,-230
-84,130,-225
-44,142,-229
6,145,-227
35,134,-233
52,126,-236
60,114,-235
68,110,-241
79,92,-239
98,73,-231
104,50,-231
115,42,-230
115,35,-228
126,31,-223
118,41,-234
102,59,-236
82,96,-241
51,118,-245
21,127,-247
-6,132,-247
-34,127,-250
-48,117,-246
-51,103,-253
-61,97,-259
-62,99,-258
-62,89,-260
-75,81,-257
-77,81,-259
-85,66,-263
-80,64,-258
-87,69,-256
-86,81,-254
-78,92,-248
-58,115,-241
-27,125,-245
9,122,-241
35,118,-242
49,104,-245
65,95,-245
73,76,-246
87,72,-245
94,61,-240
99,54,-240
101,56,-235
99,61,-235
93,80,-236
76,116,-235
41,131,-236
7,141,-230
-37,142,-231
-64,129,-224
-89,119,-231
-100,109,-225
-111,86,-233
-125,74,-228
-133,57,-222
-139,49,-213
-149,39,-205
-151,27,-205
-159,35,-197
-158,62,-186
-140,101,-188
-107,134,-175
-63,160,-175
-27,169,-180
11,175,-183
51,169,-180
66,159,-186
88,149,-176
101,139,-170
111,135,-159
101,148,-158
76,174,-153
29,184,-145
-44,184,-140
-110,159,-133
-145,118,-136
-168,79,-136
-180,51,-129
-178,6,-128
-176,-21,-121
-165,-47,-111
-154,-73,-115
-136,-101,-110
-118,-108,-103
-115,-111,-97
-126,-107,-87
-143,-87,-100
-167,-44,-109
-193,8,-108
-185,59,-102
-162,110,-97
-136,132,-93
-117,152,-87
-96,168,-77
-62,184,-82
-26,184,-82
3,192,-74
36,188,-65
60,180,-64
70,172,-63
67,180,-67
52,184,-68
31,198,-65
-6,197,-64
-55,191,-63
-107,164,-67
-149,124,-70
-172,94,-68
-182,65,-69
-191,40,-64
-186,3,-59
-178,-28,-56
-172,-51,-49
-162,-72,-51
-141,-94,-45
-118,-105,-45
-102,-110,-33
-67,-125,-27
-44,-127,-10
-14,-118,-13
6,-113,-8
15,-116,-5
15,-113,-3
10,-117,-2
2,-113,-8
-11,-121,-9
-27,-121,-11
-58,-123,-20
-88,-115,-26
-119,-97,-32
-156,-67,-37
-173,-34,-45
-190,-5,-53
-193,28,-59
-185,62,-65
-177,93,-67
-160,110,-68
-146,138,-68
-125,153,-59
-104,164,-45
-77,174,-40
-54,178,-40
-48,182,-34
-47,185,-38
-52,176,-38
-55,182,-34
-60,182,-29
-69,177,-37
-91,167,-38
-119,149,-49
-141,125,-43
-164,93,-43
-170,58,-45
-177,26,-40
-174,-7,-37
-169,-28,-34
-154,-57,-21
-136,-80,-21
-117,-93,-25
-96,-107,-20
-81,-110,-19
-50,-115,-14
-43,-115,-7
-38,-115,-14
-39,-118,-13
-61,-115,-19
-76,-107,-22
-105,-102,-27
-135,-83,-32
-160,-63,-46
-182,-22,-45
-182,12,-62
-188,39,-58
-178,71,-68
-166,97,-71
-140,124,-70
-127,146,-67
-105,159,-68
-83,175,-65
-61,180,-59
-35,186,-49
-22,180,-47
-11,183,-52
1,187,-31
3,183,-40
0,179,-34
-7,184,-39
-7,179,-39
-28,182,-41
-53,179,-46
-78,177,-51
-101,161,-53
-128,138,-61
-156,115,-56
-172,71,-58
-177,44,-52
-176,16,-46
-172,-5,-53
-166,-27,-40
-164,-41,-40
-150,-66,-38
-132,-80,-28
-119,-88,-32
-92,-97,-22
-66,-112,-14
-53,-113,-10
-36,-117,-14
-40,-112,-11
-51,-111,-13
-68,-110,-16
-92,-104,-27
-119,-93,-34
-140,-72,-34
-165,-47,-53
-178,-7,-56
-185,34,-70
-180,67,-71
-166,102,-76
-141,125,-76
-120,148,-74
-103,161,-70
-70,178,-64
-39,182,-63
-13,190,-64
6,188,-58
28,183,-57
42,180,-50
50,175,-53
52,168,-44
65,176,-45
62,171,-47
55,176,-52
37,185,-55
6,188,-61
-31,190,-67
-81,171,-69
-112,145,-65
-135,124,-70
-151,106,-63
-168,72,-59
-175,33,-59
-172,2,-46
-165,-33,-53
-149,-54,-53
-146,-77,-44
-131,-79,-51
-133,-93,-49
-118,-92,-55
-131,-90,-51
-139,-78,-59
-156,-54,-61
-177,-29,-71
-178,6,-80
-177,51,-79
-169,80,-80
-149,119,-82
-116,146,-88
-72,174,-86
-28,186,-90
7,187,-79
33,178,-74
60,174,-64
83,162,-64
94,157,-62
110,144,-59
114,133,-63
124,127,-62
124,118,-57
130,112,-58
134,106,-53
138,104,-57
141,94,-53
150,78,-58
150,69,-65
155,59,-63
158,51,-67
163,35,-71
157,23,-70
165,26,-79
158,31,-76
159,46,-87
153,56,-88
156,74,-98
150,99,-106
132,122,-109
112,148,-112
42,183,-124
3,192,-122
-32,186,-121
-71,170,-123
-107,157,-115
-109,153,-117
-91,167,-122
-54,185,-115
-30,186,-114
-8,185,-115
-3,191,-109
9,188,-109
15,182,-99
15,191,-102
15,191,-97
19,194,-105
17,190,-91
23,190,-96
26,183,-100
35,190,-100
29,184,-92
38,182,-94
44,180,-100
45,182,-97
46,176,-84
53,174,-81
59,175,-68
60,171,-74
58,180,-79
59,172,-77
68,179,-73
67,171,-71
63,179,-68
73,172,-65
77,172,-63
84,165,-70
87,167,-67
99,155,-71
106,141,-69
115,137,-64
127,126,-65
134,122,-65
139,110,-70
141,103,-70
148,89,-70
150,89,-80
149,84,-74
151,88,-81
152,82,-73
156,81,-69
147,77,-59
146,76,-58
151,72,-57
153,72,-64
150,73,-53
149,72,-55
148,76,-46
143,59,-39
147,49,-35
150,53,-39
144,56,-33
144,63,-35
138,63,-31
135,63,-31
136,69,-25
141,71,-27
142,72,-28
135,77,-31
135,86,-28
132,99,-32
123,115,-34
117,114,-40
126,109,-38
140,86,-40
152,53,-41
152,9,-41
136,-35,-32
99,-75,-33
79,-100,-29
43,-109,-34
15,-113,-27
-2,-121,-28
-11,-121,-23
-10,-120,-25
-13,-124,-21
-12,-120,-25
3,-124,-19
13,-118,-22
29,-116,-20
60,-103,-23
93,-79,-22
126,-45,-31
139,-14,-41
146,16,-44
152,48,-46
152,66,-41
139,94,-49
125,110,-53
114,124,-49
110,141,-40
100,145,-44
100,145,-37
98,138,-44
104,140,-44
112,132,-35
122,118,-43
131,109,-31
144,91,-35
143,76,-39
151,31,-31
144,-13,-35
125,-40,-29
115,-71,-40
88,-90,-34
67,-105,-40
39,-119,-33
20,-127,-39
0,-132,-37
-14,-130,-39
-19,-130,-41
-20,-128,-35
-10,-130,-34
2,-130,-39
7,-128,-35
37,-121,-33
62,-101,-35
95,-79,-29
131,-43,-31
138,-22,-26
134,2,-22
138,35,-26
143,57,-17
127,85,-25
109,108,-17
99,123,-16
71,139,-14
51,150,-14
19,155,-2
-6,160,-7
-27,153,6
-54,139,1
-66,139,6
-75,137,8
-79,134,3
-87,129,2
-85,124,2
-93,123,3
-95,118,3
-105,110,9
-105,106,12
-115,92,9
-121,87,4
-115,85,14
-123,84,13
-119,89,9
-118,91,15
-117,92,12
-107,91,18
-112,96,16
-103,108,14
-84,123,10
-64,138,9
-46,145,7
-27,144,-2
-14,149,2
6,156,2
28,150,-7
45,152,-3
71,137,-16
93,129,-15
116,110,-22
138,91,-28
146,59,-27
152,29,-32
140,5,-28
136,-17,-20
123,-37,-25
104,-60,-17
78,-82,-16
61,-95,-13
53,-94,-9
39,-94,-16
35,-96,-7
43,-100,-8
43,-95,-8
51,-94,-11
50,-95,-10
66,-79,-8
76,-75,-14
83,-68,-9
93,-54,-5
120,-24,-13
131,10,-16
138,49,-23
135,79,-28
118,103,-29
115,118,-38
96,139,-33
79,156,-32
66,159,-34
46,171,-31
29,172,-27
4,175,-25
-29,169,-26
-45,155,-19
-61,155,-9
-61,146,-9
-62,159,-20
-55,159,-20
-45,162,-23
-38,171,-38
-11,176,-40
26,169,-45
63,168,-49
104,145,-63
140,107,-67
164,57,-70
167,5,-86
148,-37,-90
127,-72,-97
102,-102,-102
82,-118,-106
47,-130,-104
13,-141,-109
-12,-146,-116
-35,-146,-114
-60,-143,-111
-72,-135,-115
-84,-131,-115
-95,-121,-110
-101,-120,-114
-105,-120,-109
-110,-113,-109
-103,-120,-114
-89,-130,-109
-52,-142,-110
-8,-145,-108
45,-130,-116
78,-115,-115
110,-89,-117
136,-65,-126
147,-27,-129
161,11,-128
160,42,-134
157,71,-133
147,107,-139
127,131,-138
103,160,-124
68,175,-130
39,187,-122
37,187,-134
37,187,-124
37,185,-136
50,177,-145
74,171,-153
99,153,-161
132,119,-162
150,71,-169
155,6,-164
132,-60,-157
91,-111,-150
38,-134,-142
-3,-146,-138
-34,-142,-129
-64,-139,-126
-89,-125,-118
-113,-117,-122
-145,-87,-129
-151,-70,-133
-157,-71,-124
-164,-57,-127
-169,-58,-121
-169,-47,-123
-170,-52,-122
-169,-49,-126
-166,-50,-120
-170,-57,-122
-157,-68,-115
-136,-92,-122
-107,-119,-122
-67,-136,-128
-18,-145,-139
27,-134,-145
62,-126,-153
92,-96,-173
114,-67,-186
126,-34,-189
133,-9,-197
140,21,-192
138,44,-194
139,73,-195
120,119,-181
94,153,-173
58,164,-163
34,184,-150
13,186,-138
9,188,-130
11,195,-140
13,184,-130
12,190,-132
12,187,-136
28,187,-141
51,178,-146
79,161,-154
117,137,-168
131,102,-182
142,49,-185
135,5,-192
123,-47,-193
96,-94,-170
74,-110,-173
43,-125,-159
33,-131,-153
27,-132,-150
30,-128,-146
39,-128,-141
27,-136,-135
26,-128,-139
23,-133,-139
45,-132,-147
79,-109,-154
118,-70,-164
138,-27,-175
147,14,-180
150,41,-181
149,63,-182
151,77,-175
148,76,-183
150,62,-181
155,50,-181
151,24,-177
140,-15,-173
139,-58,-159
114,-83,-152
99,-105,-144
73,-120,-133
55,-128,-122
51,-124,-112
63,-120,-123
92,-110,-129
115,-87,-134
133,-50,-141
155,-12,-150
158,28,-158
160,58,-156
155,80,-157
149,95,-148
146,101,-152
156,91,-148
164,59,-145
165,21,-153
153,-36,-146
116,-88,-135
70,-123,-130
20,-139,-114
-21,-150,-114
-42,-143,-104
-53,-146,-104
-55,-143,-97
-42,-153,-90
-32,-153,-97
-5,-150,-104
46,-140,-115
82,-120,-126
122,-75,-148
155,-37,-154
165,12,-161
160,63,-161
143,108,-154
120,138,-142
110,157,-129
104,163,-126
109,161,-123
120,149,-130
141,131,-135
156,93,-144
165,47,-153
167,-4,-146
144,-52,-146
118,-90,-130
87,-121,-115
54,-134,-99
17,-142,-88
3,-147,-76
-10,-146,-65
-5,-143,-61
11,-141,-63
25,-141,-58
44,-131,-67
76,-117,-71
109,-95,-73
131,-55,-76
153,-15,-81
163,28,-81
156,74,-81
134,110,-82
114,142,-75
93,161,-65
71,167,-59
74,171,-57
87,167,-62
106,144,-71
135,116,-69
169,67,-64
160,5,-69
141,-51,-61
108,-87,-50
61,-111,-34
35,-119,-35
21,-126,-28
13,-127,-29
11,-125,-27
9,-130,-34
13,-125,-29
42,-117,-43
78,-101,-45
119,-59,-59
155,4,-68
157,69,-80
139,117,-75
107,145,-68
74,164,-52
39,169,-38
9,170,-29
-12,163,-22
-11,164,-19
3,171,-23
21,171,-33
44,167,-35
73,163,-44
109,138,-49
142,100,-50
165,44,-50
159,-3,-53
133,-50,-45
104,-81,-46
70,-97,-29
45,-109,-27
31,-118,-27
28,-121,-31
38,-113,-29
28,-117,-31
33,-117,-21
46,-115,-31
59,-116,-27
87,-92,-35
116,-65,-56
149,-27,-57
158,40,-69
149,86,-81
134,119,-73
100,156,-58
76,164,-43
35,167,-35
9,168,-20
-15,160,-11
-27,155,-9
-18,162,-9
-13,157,-11
3,160,-11
15,163,-17
34,159,-25
69,150,-28
101,134,-35
131,104,-38
153,63,-50
160,14,-47
144,-39,-47
118,-77,-44
82,-102,-46
47,-120,-46
11,-125,-46
-13,-131,-43
-31,-133,-43
-31,-126,-43
-29,-133,-35
-16,-134,-39
3,-133,-40
23,-128,-45
59,-113,-51
93,-86,-41
119,-71,-45
142,-25,-45
143,13,-34
136,50,-29
127,78,-20
112,104,-21
76,130,-11
54,135,0
27,145,4
-5,140,9
-23,129,16
-40,118,25
-51,112,31
-50,114,27
-44,126,21
-31,132,20
-14,135,19
21,139,10
55,125,3
84,115,2
108,77,8
127,53,-3
138,28,-9
141,-14,-15
119,-55,-28
98,-83,-34
42,-121,-43
6,-136,-44
-20,-140,-47
-48,-132,-39
-64,-125,-37
-80,-125,-44
-78,-120,-32
-83,-113,-37
-91,-121,-31
-97,-115,-28
-111,-108,-31
-109,-98,-31
-110,-107,-29
-118,-94,-31
-119,-97,-37
-117,-102,-37
-115,-104,-46
-107,-112,-45
-85,-127,-49
-58,-141,-53
-23,-143,-58
26,-140,-62
65,-117,-71
106,-103,-67
133,-71,-62
144,-34,-62
160,1,-55
155,36,-49
153,63,-43
134,96,-34
115,123,-23
86,142,-20
67,155,-14
51,150,-7
41,159,-8
28,157,-2
9,159,0
-5,159,0
-22,150,18
-27,141,13
-38,137,20
-46,129,24
-46,117,26
-59,100,32
-59,100,25
-62,96,38
-63,95,37
-69,89,33
-68,86,34
-67,87,43
-66,88,42
-66,84,39
-70,79,39
-71,71,43
-71,69,43
-69,66,48
-70,70,46
-76,59,36
-73,62,43
-79,61,42
-69,57,45
-73,62,45
-76,62,43
-68,65,46
-63,79,44
-54,88,39
-39,92,31
-31,100,42
-16,110,33
0,108,33
11,115,31
17,107,37
27,106,26
38,112,26
46,109,25
62,97,27
88,96,19
99,74,18
117,61,3
125,46,7
132,23,4
135,-6,-11
127,-28,-25
116,-60,-34
111,-79,-51
93,-104,-53
76,-112,-57
54,-120,-58
28,-135,-55
12,-142,-62
4,-136,-63
0,-136,-68
10,-138,-57
15,-132,-56
46,-126,-50
80,-110,-50
110,-87,-52
126,-48,-45
143,-19,-41
138,44,-31
130,76,-29
116,106,-20
96,125,-11
78,134,-2
59,135,0
49,137,10
31,135,9
27,140,16
12,132,15
10,137,25
1,127,22
2,129,26
0,131,26
-5,133,24
11,142,14
28,144,8
46,141,6
75,135,-5
102,117,-8
126,100,-21
138,77,-21
146,46,-29
150,16,-32
148,-5,-34
141,-19,-41
135,-25,-40
136,-37,-41
127,-54,-29
116,-60,-44
118,-74,-44
103,-78,-45
99,-87,-43
91,-90,-44
84,-95,-44
78,-96,-28
88,-93,-32
88,-77,-27
101,-57,-16
116,-33,-5
126,1,-4
132,27,-13
132,48,-5
124,70,-7
118,80,-8
106,91,-7
107,101,-5
95,108,0
77,122,4
67,127,3
53,130,8
35,137,18
29,133,14
14,130,22
11,129,31
7,127,25
3,127,27
18,126,24
36,126,19
54,126,9
70,122,12
87,118,1
103,109,-9
123,106,-17
131,93,-40
149,91,-64
153,91,-84
160,70,-100
167,65,-117
166,62,-130
165,56,-144
158,51,-146
165,44,-151
161,39,-154
159,36,-152
161,27,-140
173,20,-126
174,14,-100
172,28,-76
160,31,-67
153,38,-45
143,46,-25
139,53,-15
126,51,-11
118,57,0
112,61,8
103,58,22
91,62,19
78,63,27
80,72,32
62,72,44
55,77,37
57,78,38
51,77,37
54,80,36
44,79,39
46,77,42
54,71,45
59,71,45
57,71,45
59,64,40
65,61,44
69,54,46
78,47,37
88,43,31
93,32,24
115,33,15
128,19,-7
136,16,-20
147,10,-40
159,11,-56
163,10,-79
167,14,-88
163,12,-108
171,13,-123
164,11,-123
164,6,-133
161,13,-145
160,8,-151
164,2,-150
158,3,-163
158,-2,-161
158,5,-170
153,8,-175
153,17,-165
155,18,-164
165,38,-158
165,51,-141
167,65,-132
156,84,-117
152,92,-87
141,106,-63
122,107,-40
115,111,-19
94,111,-7
79,103,21
66,103,26
53,100,32
37,93,39
30,88,39
18,80,48
4,78,50
0,82,52
-15,70,51
-23,66,52
-45,67,54
-45,61,49
-53,62,43
-59,58,49
-67,59,48
-69,53,50
-64,46,48
-63,42,51
-64,36,50
-71,34,45
-66,28,46
-62,25,55
-52,21,54
-47,17,54
-26,18,67
-23,11,60
-10,4,60
2,-3,55
17,-9,54
22,-17,50
31,-21,43
41,-21,52
59,-26,36
62,-34,27
70,-37,19
79,-40,14
84,-51,9
93,-44,7
88,-42,4
94,-43,3
90,-41,8
87,-32,13
79,-21,19
75,2,24
62,14,37
55,26,51
46,38,42
36,50,50
19,56,49
3,65,51
-10,73,45
-24,79,44
-34,79,46
-54,79,37
-67,80,38
-72,72,32
-84,67,30
-87,66,36
-94,64,33
-93,63,37
-92,55,38
-91,54,34
-80,59,43
-76,59,38
-62,57,48
-53,59,48
-43,56,49
-43,49,54
-31,42,51
-43,28,54
-38,19,54
-50,10,54
-48,11,48
-56,-6,51
-66,-11,49
-69,-21,40
-70,-25,34
-76,-33,36
-83,-35,28
-80,-44,28
-89,-33,14
-86,-50,20
-93,-52,8
-92,-51,12
-99,-49,7
-100,-55,6
-110,-67,2
-109,-62,-2
-111,-66,-11
-117,-58,-17
-119,-65,-10
-119,-60,-13
-116,-62,-4
-124,-56,-5
-128,-63,-22
-126,-60,-22
-120,-62,-19
-127,-62,-19
-133,-65,-22
-133,-58,-25
-137,-60,-27
-133,-56,-27
-134,-66,-33
-134,-62,-35
-137,-60,-37
-108,-58,0
-99,-60,7
-95,-59,6
-89,-58,14
-78,-54,16
-68,-59,27
-52,-57,34
-42,-49,31
-38,-43,37
-30,-40,48
-28,-40,48
-16,-37,40
-23,-33,52
-15,-32,49
-12,-26,45
-3,-30,52
3,-29,44
14,-18,44
27,-14,43
39,-13,46
58,-13,39
60,-13,39
60,-11,39
74,-9,34
80,-11,30
88,-10,16
101,-18,18
100,-24,9
98,-12,9
106,-11,8
111,-14,7
110,-11,1
114,-7,-5
118,-7,0
124,1,-11
133,14,-14
132,18,-13
141,23,-27
141,27,-37
156,38,-55
150,36,-75
157,43,-90
160,49,-108
156,51,-129
153,58,-146
151,54,-163
149,54,-180
136,53,-179
135,54,-197
128,58,-201
130,55,-203
120,50,-203
117,54,-213
116,39,-217
111,36,-224
106,24,-225
98,6,-231
96,-6,-228
84,-17,-231
93,-24,-231
90,-32,-221
86,-47,-222
85,-52,-218
87,-55,-209
82,-70,-203
86,-79,-183
74,-89,-173
70,-107,-157
69,-115,-153
55,-117,-134
57,-123,-118
38,-127,-104
41,-127,-87
35,-126,-76
29,-130,-65
25,-127,-58
26,-121,-45
29,-123,-39
57,-107,-29
69,-92,-28
80,-87,-31
94,-75,-33
110,-57,-26
110,-43,-23
111,-33,-25
112,-20,-14
114,-12,-8
110,1,3
104,6,12
103,12,18
96,21,20
91,27,19
87,33,22
82,39,24
80,44,34
78,31,27
79,29,31
68,34,31
68,32,40
67,42,37
71,42,27
79,43,33
91,43,24
86,55,28
92,47,25
90,56,15
96,61,18
96,67,13
101,72,10
115,84,-16
135,93,-47
141,103,-82
142,111,-108
133,120,-132
130,126,-142
120,129,-162
115,125,-182
109,115,-193
104,101,-207
94,86,-223
87,81,-228
90,54,-233
91,34,-241
83,10,-245
75,-10,-244
61,-24,-246
58,-45,-233
47,-54,-229
43,-67,-227
36,-79,-222
23,-89,-211
20,-97,-212
17,-101,-204
15,-102,-200
25,-102,-191
28,-108,-187
27,-109,-188
34,-102,-191
39,-101,-197
47,-97,-198
60,-89,-192
71,-78,-199
84,-67,-198
93,-54,-198
108,-34,-194
117,-39,-192
128,-32,-185
132,-30,-169
141,-37,-147
151,-32,-103
151,-15,-76
152,-7,-61
148,-3,-63
149,1,-52
142,12,-50
138,17,-26
126,19,-9
107,20,7
93,27,19
82,23,28
66,18,36
57,16,45
36,16,48
27,2,50
10,-4,51
7,-11,51
0,-17,55
-12,-26,50
-18,-27,46
-19,-21,45
-28,-30,45
-30,-30,40
-29,-27,51
-32,-35,45
-37,-35,43
-31,-27,44
-30,-26,50
-29,-20,49
-37,-5,43
-35,0,52
-44,4,45
-47,10,46
-47,10,54
-36,10,54
-34,8,51
-27,5,54
-5,-10,55
14,-11,56
38,-24,43
75,-21,26
90,-25,10
112,-27,-2
125,-28,-29
138,-29,-52
144,-34,-67
142,-29,-84
149,-36,-103
146,-42,-121
136,-42,-133
132,-42,-142
125,-51,-162
120,-47,-174
112,-50,-177
101,-55,-194
91,-49,-207
84,-56,-210
73,-65,-210
60,-71,-209
47,-90,-207
31,-100,-193
29,-113,-191
19,-112,-189
17,-112,-177
17,-119,-175
19,-115,-173
20,-116,-176
29,-111,-181
39,-108,-187
52,-95,-188
68,-83,-191
79,-67,-200
100,-47,-203
111,-33,-203
122,-18,-206
119,-6,-201
125,16,-205
131,35,-209
118,48,-212
111,71,-210
102,87,-215
96,100,-218
84,112,-219
73,112,-224
61,122,-224
57,122,-229
57,133,-219
52,138,-212
46,148,-206
53,150,-204
51,148,-204
57,147,-198
61,147,-200
79,145,-191
95,138,-183
109,138,-167
119,137,-156
125,133,-135
135,120,-120
143,108,-102
149,93,-98
150,82,-99
150,76,-99
160,65,-91
156,67,-96
164,59,-87
159,55,-87
161,59,-82
149,44,-79
152,57,-73
155,55,-70
156,49,-74
158,42,-76
159,39,-82
156,19,-79
161,13,-92
156,1,-100
149,-18,-105
139,-40,-106
135,-52,-112
125,-70,-111
109,-86,-106
88,-97,-114
73,-111,-99
54,-116,-94
30,-131,-84
17,-131,-84
1,-131,-76
-11,-133,-71
-26,-139,-68
-27,-131,-62
-32,-130,-61
-34,-128,-59
-31,-140,-69
-31,-133,-74
-13,-138,-93
2,-139,-114
23,-131,-129
50,-113,-150
75,-100,-164
103,-73,-168
120,-44,-169
141,-12,-162
153,17,-153
152,43,-140
157,66,-126
150,73,-109
146,94,-92
146,106,-77
135,104,-67
124,97,-47
124,102,-35
115,95,-23
115,95,-21
110,88,-14
115,84,-19
125,66,-15
126,54,-9
128,35,-9
122,12,-4
116,-3,-3
118,-10,2
110,-15,-4
107,-24,-10
108,-34,-14
101,-43,-14
94,-52,-11
92,-66,-23
87,-78,-21
82,-90,-27
73,-100,-41
68,-104,-39
73,-104,-51
80,-98,-62
94,-92,-69
99,-87,-76
98,-97,-87
98,-90,-92
91,-95,-94
84,-102,-94
75,-109,-92
60,-117,-86
38,-127,-75
26,-131,-69
21,-128,-69
29,-132,-75
38,-125,-82
41,-125,-73
41,-130,-68
44,-115,-64
49,-115,-45
49,-105,-40
46,-96,-26
33,-73,8
21,-68,18
25,-58,24
11,-56,33
6,-47,38
1,-36,46
-3,-21,45
-19,-17,50
-24,-6,54
-37,2,50
-38,12,49
-50,17,51
-51,18,48
-55,25,45
-58,18,48
-63,19,46
-68,12,46
-69,9,36
-80,4,48
-85,-7,36
-94,-14,33
-97,-20,27
-95,-25,25
-99,-26,28
-102,-39,20
-102,-43,20
-96,-40,14
-102,-45,10
-97,-52,15
-97,-52,8
-86,-59,13
-80,-72,9
-84,-66,1
-71,-72,7
-75,-75,8
-69,-77,7
-55,-63,19
-29,-52,32
-15,-34,42
-5,-24,45
1,-13,49
14,-9,46
18,-3,45
39,1,49
47,11,45
57,20,36
73,20,33
76,12,27
79,4,24
84,-5,26
94,-22,13
87,-43,-2
98,-60,-17
107,-58,-29
114,-44,-27
124,-25,-26
122,-9,-21
125,2,-17
132,0,-22
130,-17,-25
127,-30,-25
119,-34,-28
126,-25,-40
138,3,-43
149,28,-55
149,56,-64
151,72,-71
158,61,-88
158,56,-108
165,33,-132
151,17,-156
141,0,-174
131,-18,-185
117,-32,-197
100,-54,-200
91,-63,-210
78,-68,-201
55,-89,-199
43,-100,-193
34,-107,-193
36,-107,-186
31,-109,-193
18,-118,-191
6,-111,-186
6,-109,-200
15,-102,-207
31,-90,-227
62,-52,-242
84,-19,-244
93,25,-246
96,58,-238
92,49,-235
94,21,-242
86,-12,-236
82,-56,-227
63,-81,-219
57,-86,-219
59,-79,-224
67,-73,-233
75,-44,-244
93,-12,-241
95,20,-241
98,43,-246
93,27,-244
86,-10,-239
67,-39,-242
46,-59,-250
44,-66,-240
37,-64,-252
44,-57,-254
52,-42,-256
61,-14,-260
71,19,-264
78,26,-264
74,35,-262
76,28,-259
76,24,-262
71,28,-257
73,20,-258
74,-2,-254
69,-25,-257
60,-41,-245
50,-58,-246
60,-59,-247
66,-47,-246
86,-30,-241
96,-2,-242
106,28,-238
108,40,-238
106,42,-230
114,16,-239
106,-6,-230
101,-34,-225
85,-52,-225
93,-51,-224
104,-28,-222
117,-4,-223
120,9,-224
120,20,-217
126,8,-221
117,-13,-209
115,-41,-204
104,-54,-200
111,-60,-198
117,-39,-194
132,-21,-193
143,13,-186
142,31,-187
156,35,-177
147,12,-173
148,-19,-169
138,-50,-148
130,-65,-142
125,-60,-138
136,-49,-128
153,-13,-124
158,19,-124
158,24,-115
161,16,-111
157,-5,-99
144,-39,-96
116,-74,-90
96,-94,-86
106,-92,-86
119,-75,-103
139,-37,-97
152,4,-111
160,38,-115
158,44,-117
152,39,-111
158,3,-108
124,-68,-81
118,-81,-85
136,-51,-82
150,-10,-87
160,31,-91
155,57,-87
158,67,-84
155,13,-82
151,-22,-84
140,-52,-86
126,-62,-98
139,-51,-102
147,-29,-105
155,0,-123
156,28,-127
153,49,-139
163,38,-134
153,14,-136
147,-27,-139
127,-70,-135
107,-83,-145
109,-72,-152
126,-57,-161
141,-24,-169
151,1,-170
144,26,-173
149,19,-177
149,-2,-177
134,-30,-176
116,-67,-171
98,-83,-171
104,-90,-174
104,-65,-188
130,-37,-186
135,-6,-197
138,14,-201
136,13,-195
136,4,-200
134,-21,-191
123,-37,-191
116,-42,-200
118,-44,-198
118,-33,-205
123,-7,-212
125,13,-222
124,24,-221
123,27,-219
122,24,-216
126,19,-221
122,5,-211
131,-4,-211
120,-21,-210
122,-22,-213
127,-7,-210
127,-3,-215
127,23,-215
127,32,-222
122,38,-216
125,43,-217
132,36,-207
128,19,-201
128,-15,-206
122,-39,-189
110,-52,-204
114,-54,-203
108,-45,-206
114,-47,-210
120,-28,-217
116,-28,-207
111,-42,-205
102,-56,-203
94,-68,-201
90,-73,-187
96,-80,-185
99,-71,-175
111,-67,-174
119,-59,-163
142,-45,-151
147,-20,-144
151,-9,-132
150,-14,-126
146,-42,-116
108,-82,-117
73,-104,-114
62,-115,-115
62,-117,-110
78,-101,-105
111,-79,-94
131,-43,-86
144,-25,-88
148,-17,-68
146,-12,-61
134,-30,-61
112,-59,-57
93,-74,-56
73,-93,-46
62,-101,-33
46,-101,-33
58,-101,-33
66,-86,-32
88,-70,-32
109,-40,-27
123,-17,-29
125,9,-29
138,38,-38
135,58,-35
131,79,-45
125,85,-49
135,84,-50
142,81,-62
142,74,-71
150,64,-80
153,47,-91
158,26,-105
155,2,-109
147,-32,-122
120,-63,-128
86,-100,-130
50,-118,-123
34,-130,-118
26,-131,-117
31,-127,-123
51,-126,-124
78,-105,-132
102,-79,-147
128,-48,-153
148,2,-152
151,33,-151
156,47,-151
150,50,-145
153,31,-158
147,-2,-158
131,-41,-163
112,-82,-156
85,-96,-151
66,-109,-145
62,-115,-146
75,-100,-159
94,-73,-173
126,-39,-185
128,-4,-185
140,40,-189
136,71,-183
131,93,-177
122,114,-177
112,125,-170
116,129,-171
107,129,-181
117,111,-192
119,84,-201
119,47,-216
115,5,-218
108,-39,-213
92,-59,-197
85,-82,-194
80,-82,-201
87,-68,-201
95,-51,-215
104,-12,-227
103,24,-230
102,59,-227
96,91,-228
86,117,-217
69,144,-209
38,163,-183
18,170,-167
12,176,-161
20,175,-169
85,123,-211
102,85,-224
106,24,-228
96,-20,-223
85,-52,-206
69,-89,-189
45,-113,-171
21,-124,-153
7,-133,-132
-10,-139,-128
-12,-136,-126
0,-134,-128
4,-134,-130
26,-128,-134
58,-112,-151
92,-75,-170
123,-40,-188
128,17,-199
133,63,-197
116,103,-188
108,130,-182
100,145,-174
107,131,-169
119,116,-177
135,81,-180
139,29,-186
128,-27,-189
111,-65,-171
99,-96,-148
84,-104,-142
83,-112,-141
86,-107,-133
98,-100,-140
110,-75,-141
126,-48,-161
144,-2,-163
148,59,-169
131,109,-153
109,147,-138
74,164,-127
49,190,-103
30,185,-98
39,180,-105
47,182,-104
44,190,-105
42,183,-105
37,187,-112
53,180,-112
92,164,-124
114,135,-130
152,94,-157
147,40,-168
148,-28,-171
123,-70,-159
88,-109,-147
58,-126,-141
18,-136,-116
-24,-142,-100
-51,-139,-92
-56,-142,-105
-50,-142,-100
-45,-142,-108
-37,-143,-104
-18,-140,-110
15,-141,-126
60,-115,-141
101,-85,-156
126,-41,-177
133,17,-189
125,82,-200
88,135,-193
53,164,-175
19,171,-163
22,177,-157
27,165,-164
23,162,-168
36,172,-169
45,165,-176
65,150,-182
106,116,-192
127,53,-198
109,-37,-198
59,-111,-159
4,-134,-133
-42,-127,-111
-64,-130,-102
-68,-126,-103
-71,-127,-97
-71,-120,-87
-58,-120,-90
-46,-127,-94
-23,-136,-97
1,-133,-98
21,-126,-112
55,-115,-117
95,-81,-133
130,-47,-142
147,5,-146
147,72,-148
124,116,-141
93,149,-121
69,171,-103
57,170,-97
55,167,-88
63,163,-94
74,169,-100
88,159,-99
115,144,-105
138,114,-117
164,48,-133
159,-17,-130
118,-88,-114
61,-118,-87
22,-130,-75
15,-132,-75
33,-131,-74
42,-124,-76
54,-120,-73
67,-110,-76
92,-96,-76
117,-66,-81
146,-24,-85
151,24,-79
146,71,-70
124,111,-64
94,137,-43
58,144,-19
21,141,-2
-6,130,13
-18,116,8
-10,122,21
-11,116,20
0,115,21
6,117,21
27,112,16
46,111,10
78,107,6
99,81,-4
120,50,-13
123,9,-13
117,-25,-9
86,-51,-5
50,-72,4
26,-78,10
18,-79,7
21,-75,8
42,-57,18
43,-60,21
43,-49,19
61,-33,19
67,-13,27
67,10,27
60,33,34
46,49,34
17,58,51
10,54,54
-20,42,61
-24,28,51
-45,5,44
-40,-11,46
-42,-30,45
-43,-34,42
-39,-35,36
-44,-42,33
-39,-49,28
-38,-45,32
-35,-54,26
-40,-55,30
-45,-43,34
-46,-26,40
-30,-12,48
-10,6,50
10,10,46
23,8,46
36,0,43
35,-18,42
26,-29,30
15,-47,28
-5,-60,24
-23,-65,19
-32,-74,12
-30,-86,4
-19,-90,2
-4,-105,-11
18,-109,-29
39,-110,-52
61,-107,-87
62,-112,-100
69,-105,-124
86,-88,-154
95,-63,-181
103,-39,-206
102,-5,-229
95,25,-239
82,59,-256
60,84,-254
44,102,-254
25,126,-248
12,137,-245
5,153,-228
-10,163,-212
-4,176,-197
-6,185,-170
-3,191,-147
10,199,-115
29,191,-99
47,182,-82
66,177,-80
79,172,-68
91,159,-65
94,157,-67
103,144,-62
108,130,-57
117,132,-47
111,126,-44
109,129,-49
107,126,-37
110,125,-47
120,110,-46
126,109,-47
124,111,-55
126,125,-55
128,120,-69
132,115,-63
136,117,-70
128,120,-71
126,123,-62
109,129,-56
111,129,-32
107,119,-27
104,124,-29
103,125,-35
94,141,-35
88,147,-46
86,154,-44
83,150,-35
86,145,-37
83,148,-35
84,145,-34
75,161,-41
74,150,-43
71,155,-43
83,146,-33
82,138,-25
79,129,-13
74,123,-4
83,109,10
76,107,1
80,97,13
77,103,12
73,96,24
62,93,20
60,100,27
61,99,21
59,101,31
62,107,22
69,104,22
59,112,19
66,103,24
66,103,21
71,93,25
85,79,20
93,82,14
90,81,10
91,85,16
94,74,15
94,70,22
95,64,24
93,59,16
93,57,21
92,61,18
99,67,8
107,76,-5
114,96,-10
112,102,-19
124,107,-33
126,120,-50
125,117,-56
118,119,-61
124,125,-67
120,133,-70
119,134,-74
114,135,-70
119,137,-69
123,133,-65
133,118,-64
151,88,-62
167,54,-71
163,28,-91
165,26,-103
169,49,-108
143,115,-109
104,156,-114
73,177,-104
53,187,-108
63,182,-104
92,164,-122
139,129,-126
152,85,-123
168,50,-118
150,89,-118
130,122,-121
107,152,-126
102,163,-123
102,161,-116
115,146,-122
131,141,-124
132,126,-116
146,115,-114
151,93,-117
159,69,-118
165,40,-122
164,36,-128
160,65,-132
143,110,-130
102,156,-135
75,172,-130
62,180,-124
79,168,-128
102,159,-130
126,134,-124
144,107,-124
158,84,-127
148,78,-126
147,84,-122
155,101,-118
135,123,-124
125,140,-121
104,152,-116
96,160,-115
92,164,-108
92,160,-100
101,155,-100
111,145,-102
127,124,-109
151,95,-110
158,65,-115
158,44,-134
156,42,-132
159,48,-135
159,46,-133
158,44,-136
159,25,-138
158,-4,-141
150,-21,-145
150,-33,-138
153,-27,-132
155,-10,-104
155,13,-92
156,33,-74
149,51,-62
149,84,-64
138,111,-71
111,133,-63
87,148,-52
75,147,-49
85,139,-45
85,144,-38
92,139,-43
94,137,-40
109,126,-44
125,106,-46
138,86,-45
144,58,-59
157,32,-63
156,28,-67
149,26,-57
148,20,-61
149,17,-71
143,34,-49
149,58,-57
139,69,-58
140,77,-71
124,109,-81
109,135,-90
103,148,-88
100,147,-80
96,146,-74
88,147,-68
92,146,-64
94,141,-50
87,134,-33
98,112,-15
92,74,8
92,58,15
92,47,20
102,34,14
94,28,13
79,32,24
90,24,22
92,21,22
84,16,21
79,13,24
86,16,28
80,10,22
78,10,22
78,8,25
70,2,28
74,-2,25
78,8,20
80,24,25
73,39,19
66,66,26
60,100,18
49,114,10
52,138,0
44,148,-21
37,160,-31
35,167,-45
31,170,-61
23,174,-64
26,178,-67
22,175,-68
34,177,-63
38,168,-51
53,160,-38
69,132,-23
87,107,-4
102,71,9
104,34,14
106,1,10
102,-17,4
100,-19,7
88,-19,12
92,-20,13
87,-20,13
85,-18,10
85,-15,15
85,-13,18
93,0,12
88,18,21
86,48,14
90,86,1
83,118,-21
79,135,-37
76,155,-57
66,161,-70
63,170,-90
52,179,-92
54,175,-97
58,167,-81
65,162,-76
82,149,-61
102,131,-46
116,115,-39
131,77,-21
128,42,-21
127,16,-13
123,11,-13
125,6,-13
116,-5,0
116,-10,-8
110,-15,-7
109,-28,-3
110,-34,-9
103,-36,-11
108,-36,-11
106,-43,-11
101,-34,-9
103,-32,-14
115,-32,-9
106,-13,-7
109,2,2
109,18,4
112,21,8
112,35,10
95,73,7
87,86,6
87,95,-4
95,94,-3
92,95,-11
93,108,-15
91,122,-17
87,137,-40
101,141,-55
86,152,-73
80,167,-86
70,170,-97
63,175,-109
47,177,-114
38,182,-111
41,184,-116
42,183,-115
50,177,-116
60,174,-122
90,162,-115
104,145,-123
128,125,-132
143,92,-138
156,72,-146
156,38,-158
147,10,-173
136,-12,-186
116,-33,-198
96,-41,-206
75,-51,-217
61,-47,-222
46,-48,-235
33,-45,-245
19,-41,-250
18,-40,-248
15,-37,-248
29,-42,-244
28,-43,-245
33,-39,-252
27,-33,-248
29,-42,-253
30,-39,-242
36,-33,-256
37,-34,-242
41,-44,-244
41,-42,-246
36,-35,-239
36,-42,-248
44,-43,-238
46,-43,-238
51,-45,-233
57,-49,-236
67,-43,-228
82,-37,-227
98,-37,-227
109,-26,-205
123,-12,-200
136,-12,-191
147,10,-175
149,35,-158
152,53,-152
143,80,-147
140,104,-144
130,117,-138
108,141,-129
96,153,-124
67,162,-117
51,185,-120
20,179,-123
4,188,-121
-11,192,-124
-26,179,-123
-28,172,-128
-24,187,-127
-15,178,-124
-15,185,-120
-5,186,-118
19,183,-122
51,176,-115
91,159,-121
116,135,-128
135,102,-134
144,81,-151
149,47,-161
136,9,-181
122,-18,-194
92,-39,-213
74,-55,-216
50,-58,-227
31,-58,-234
11,-58,-246
-12,-54,-244
-4,-50,-245
-7,-49,-244
-5,-51,-239
-2,-50,-233
-8,-52,-250
2,-58,-239
11,-63,-239
28,-59,-238
50,-51,-231
75,-49,-229
103,-29,-209
126,-6,-204
135,24,-185
149,47,-168
149,70,-158
142,91,-151
132,108,-142
118,126,-135
102,152,-130
71,164,-124
30,178,-124
1,187,-120
-24,180,-120
-37,179,-128
-35,179,-138
-42,182,-147
-34,171,-148
-26,175,-150
-13,180,-158
29,172,-162
73,154,-171
112,120,-185
124,79,-194
126,44,-209
119,19,-213
107,-3,-219
96,-27,-223
73,-47,-229
55,-62,-230
35,-62,-230
15,-58,-236
5,-64,-235
2,-60,-236
0,-65,-236
2,-65,-236
20,-60,-229
34,-60,-231
53,-57,-228
74,-50,-230
94,-27,-221
115,-9,-216
124,26,-213
125,48,-207
124,44,-204
110,17,-211
90,-20,-221
63,-47,-224
29,-60,-234
20,-60,-236
6,-54,-239
-3,-58,-236
-3,-60,-239
-4,-64,-235
27,-56,-239
52,-37,-236
79,-14,-241
91,16,-236
91,23,-234
86,13,-236
71,-6,-230
45,-35,-248
7,-48,-245
-26,-51,-239
-56,-45,-245
-63,-32,-242
-60,-42,-236
-50,-48,-238
-28,-47,-239
-7,-47,-248
41,-26,-253
65,-15,-242
99,28,-233
103,54,-223
110,86,-228
107,106,-205
92,120,-197
88,124,-200
82,131,-193
84,142,-176
94,139,-170
104,147,-150
99,148,-148
90,157,-146
84,163,-133
82,170,-133
80,167,-132
76,171,-132
67,164,-127
77,170,-130
78,164,-127
88,168,-128
101,150,-132
111,142,-140
133,120,-129
150,96,-133
159,73,-130
165,47,-139
149,28,-146
152,9,-140
147,-2,-165
138,-18,-163
128,-22,-177
119,-41,-180
106,-50,-187
91,-51,-205
80,-64,-209
59,-65,-217
50,-63,-224
31,-56,-231
23,-57,-235
15,-56,-236
11,-58,-241
13,-58,-239
18,-60,-241
15,-56,-234
21,-62,-233
31,-65,-234
38,-58,-229
53,-59,-230
65,-43,-233
82,-35,-224
90,-29,-228
96,-18,-225
112,-4,-216
119,12,-206
134,34,-195
138,54,-177
138,81,-163
135,109,-139
126,132,-134
116,149,-121
85,164,-110
66,170,-106
42,183,-100
18,184,-102
-2,190,-105
-23,184,-109
-54,178,-112
-66,171,-117
-83,159,-128
-94,154,-133
-99,156,-135
-93,155,-136
-95,155,-141
-83,154,-140
-73,168,-138
-53,175,-138
-12,182,-133
23,178,-110
58,169,-88
95,147,-77
122,130,-69
124,109,-67
141,80,-61
159,57,-61
157,36,-63
156,14,-62
149,-6,-62
151,-20,-69
143,-33,-73
140,-45,-74
133,-52,-81
125,-58,-82
130,-60,-90
118,-67,-82
119,-62,-88
135,-57,-91
140,-32,-91
159,0,-99
160,40,-100
156,61,-96
147,79,-96
140,109,-98
124,120,-93
118,142,-97
103,153,-98
90,164,-100
63,175,-106
55,180,-105
43,179,-116
44,176,-134
53,174,-141
78,155,-156
93,140,-176
112,102,-197
114,76,-205
109,55,-222
108,42,-228
90,26,-230
84,11,-239
76,5,-238
61,0,-246
46,-6,-245
41,-14,-253
31,-17,-246
15,-17,-253
11,-26,-253
5,-32,-250
-4,-20,-257
-5,-26,-256
-5,-21,-253
-16,-14,-258
-13,-22,-257
-13,-18,-259
-8,-27,-257
-13,-27,-252
-11,-36,-254
-15,-29,-250
-11,-32,-247
-6,-36,-250
-7,-33,-241
-6,-48,-254
-5,-40,-241
3,-39,-250
12,-32,-247
19,-34,-252
26,-29,-250
36,-19,-248
53,-13,-250
66,-10,-246
71,-4,-242
101,14,-230
103,24,-223
118,36,-217
126,44,-204
138,54,-187
143,57,-176
147,63,-163
143,76,-150
148,80,-145
147,93,-129
140,100,-129
138,114,-129
130,124,-118
124,130,-115
109,149,-109
90,164,-108
70,172,-114
45,179,-118
15,186,-118
-7,186,-123
-31,187,-134
-51,170,-142
-64,170,-147
-77,160,-153
-83,154,-157
-87,147,-154
-91,148,-156
-101,149,-152
-99,147,-147
-91,146,-148
-93,155,-144
-81,160,-148
-86,155,-144
-68,176,-132
-32,175,-126
-11,185,-110
22,179,-102
43,179,-90
53,176,-86
67,167,-76
90,157,-71
94,144,-59
111,126,-58
124,107,-50
138,91,-43
141,85,-46
136,76,-39
143,62,-41
142,61,-38
146,39,-39
143,34,-39
148,11,-37
149,-4,-52
146,-26,-49
138,-41,-59
126,-57,-71
120,-56,-73
124,-52,-79
134,-42,-61
144,1,-50
148,39,-56
150,62,-63
140,79,-62
134,92,-63
135,104,-71
131,109,-74
136,115,-90
140,104,-96
144,97,-100
149,97,-103
139,103,-118
131,114,-127
127,126,-142
114,131,-164
112,123,-168
114,117,-179
109,133,-171
94,155,-151
78,162,-139
65,174,-112
22,184,-104
3,185,-103
-14,188,-99
-38,180,-108
-63,176,-108
-79,171,-110
-86,162,-120
-92,159,-128
-95,155,-120
-93,162,-110
-84,162,-112
-78,165,-109
-64,175,-104
-46,172,-90
-18,180,-79
12,180,-64
21,171,-59
31,172,-53
45,168,-41
67,160,-38
78,144,-26
106,123,-23
110,109,-28
115,95,-26
112,100,-28
106,118,-33
88,142,-46
66,168,-61
31,182,-90
29,184,-99
21,187,-105
31,188,-109
53,178,-112
82,168,-121
102,154,-126
110,148,-132
103,157,-136
80,167,-139
66,175,-138
51,180,-139
44,178,-127
35,183,-127
27,184,-116
15,182,-111
9,182,-102
2,186,-99
-5,188,-90
-18,180,-91
-20,190,-91
-15,183,-86
-18,183,-98
-35,184,-104
-35,184,-106
-36,180,-112
-43,180,-115
-52,174,-122
-63,169,-122
-68,167,-129
-59,171,-127
-55,170,-114
-34,178,-96
-5,175,-77
41,163,-49
74,144,-31
85,137,-28
82,133,-29
73,145,-27
68,140,-27
71,148,-23
68,142,-32
74,132,-21
75,124,-20
87,118,-14
96,104,1
99,81,10
99,58,13
95,43,16
91,18,16
86,9,28
84,2,24
80,5,25
82,13,26
73,32,26
63,59,28
51,88,27
39,118,15
37,130,10
35,139,3
33,134,3
23,146,1
26,150,-14
5,160,-26
14,171,-33
4,172,-34
1,164,-38
9,165,-29
10,153,-9
19,132,6
20,106,28
26,74,32
28,31,46
29,-3,45
41,-21,36
47,-35,33
43,-44,21
47,-54,24
53,-48,20
53,-32,25
63,-5,26
63,27,28
65,49,32
58,84,20
54,112,14
50,131,7
34,152,-25
27,165,-46
13,186,-73
7,183,-88
-2,183,-108
7,185,-96
20,179,-70
42,162,-45
61,135,-8
80,102,13
86,85,9
95,57,14
99,51,15
101,54,13
108,61,3
96,65,3
92,97,-7
84,126,-15
79,147,-44
69,171,-64
49,176,-91
19,178,-134
9,182,-135
6,179,-142
3,180,-139
5,178,-141
15,182,-140
33,185,-132
49,183,-129
60,171,-132
68,165,-138
69,169,-151
68,165,-152
74,157,-153
77,152,-164
86,154,-169
83,144,-180
90,139,-180
93,129,-193
96,120,-201
91,126,-191
90,137,-194
68,156,-191
30,155,-199
0,156,-205
-32,149,-205
-43,141,-209
-51,129,-219
-60,117,-224
-61,97,-233
-70,102,-235
-62,96,-236
-69,96,-236
-69,94,-241
-67,87,-244
-60,92,-246
-64,82,-246
-61,77,-245
-53,78,-246
-58,80,-246
-55,80,-246
-58,78,-251
-58,76,-246
-50,91,-242
-51,94,-246
-40,104,-247
-32,103,-239
-24,114,-233
-11,125,-233
1,132,-230
14,132,-225
9,126,-222
17,137,-223
18,135,-227
14,137,-225
11,135,-227
-10,122,-236
-13,127,-233
-27,120,-238
-43,120,-228
-42,115,-236
-38,116,-238
-23,117,-231
-21,124,-236
-4,120,-235
18,126,-231
34,124,-227
29,138,-222
23,132,-223
18,135,-219
13,133,-231
9,133,-219
25,131,-231
34,129,-212
46,137,-225
53,137,-211
52,129,-210
50,138,-215
45,133,-215
37,134,-221
29,133,-227
1,127,-235
-14,115,-239
-23,99,-248
-35,99,-246
-35,92,-244
-38,102,-245
-24,104,-245
-13,111,-247
-2,104,-242
0,110,-248
-6,109,-242
-19,106,-239
-30,101,-246
-40,97,-242
-48,103,-239
-43,111,-238
-46,115,-229
-46,122,-227
-35,131,-217
-34,141,-209
-5,154,-203
10,164,-185
12,169,-177
9,172,-174
-6,174,-170
-23,170,-167
-34,169,-177
-50,162,-168
-62,165,-171
-63,162,-168
-48,161,-171
-26,165,-176
10,162,-175
49,160,-177
57,161,-167
44,169,-170
17,171,-175
-15,167,-173
-30,170,-169
-30,165,-167
-15,174,-163
10,174,-163
43,175,-152
49,176,-144
35,178,-148
1,187,-146
-26,172,-152
-40,169,-153
-46,165,-159
-40,169,-170
-12,172,-164
26,164,-175
33,157,-180
23,167,-192
7,164,-201
-5,147,-207
-14,140,-215
-20,137,-218
-32,124,-222
-26,124,-241
-28,108,-239
-12,117,-239
-4,123,-235
3,130,-228
10,130,-225
4,126,-231
5,132,-228
1,127,-230
-3,126,-231
3,127,-233
17,125,-223
25,142,-219
49,144,-209
67,139,-197
70,152,-191
62,153,-192
39,155,-199
20,147,-207
5,144,-209
18,142,-212
22,156,-205
39,153,-199
45,156,-195
39,162,-189
25,156,-193
9,159,-200
5,153,-204
-4,157,-197
4,156,-198
9,159,-203
21,157,-185
33,160,-192
44,157,-187
60,150,-187
66,154,-179
59,149,-186
50,159,-195
29,159,-188
-3,156,-203
-20,150,-197
-37,154,-203
-39,142,-200
-43,148,-197
-27,139,-206
-14,145,-203
7,150,-201
27,154,-195
59,159,-183
53,153,-185
45,154,-193
34,159,-195
14,157,-201
1,153,-206
-16,147,-207
-19,149,-207
-13,141,-201
-2,148,-201
20,152,-198
44,150,-192
69,150,-189
82,147,-183
76,146,-185
67,150,-187
37,160,-185
7,164,-194
-13,155,-201
-26,152,-198
-29,155,-199
-11,157,-194
13,159,-191
43,168,-181
69,155,-168
96,148,-158
106,146,-156
92,153,-165
68,161,-171
36,170,-176
4,172,-181
0,159,-183
6,159,-183
10,162,-182
30,164,-180
51,167,-170
75,156,-159
78,157,-161
76,157,-168
66,161,-169
50,168,-169
39,167,-168
27,175,-167
25,170,-169
10,178,-156
1,178,-151
-3,184,-142
3,185,-132
9,179,-133
38,177,-128
60,174,-112
85,157,-105
112,146,-108
111,142,-104
104,147,-109
95,159,-109
79,168,-106
76,171,-105
60,169,-98
53,176,-98
50,177,-92
39,176,-86
31,182,-82
35,178,-76
38,179,-77
52,165,-73
76,162,-74
95,145,-70
112,132,-64
119,125,-71
122,125,-67
107,140,-70
99,148,-59
84,152,-58
71,157,-55
59,159,-44
38,163,-41
41,165,-37
36,159,-32
49,155,-31
52,159,-27
57,154,-25
65,146,-26
66,145,-20
76,150,-31
79,149,-46
87,150,-57
87,155,-67
87,155,-69
88,159,-80
85,162,-88
91,165,-90
83,162,-110
75,163,-126
78,162,-136
82,159,-145
76,160,-158
80,153,-165
83,153,-165
87,148,-173
93,142,-167
87,144,-180
76,148,-185
65,141,-201
52,140,-215
49,134,-218
45,129,-215
46,137,-213
54,133,-215
53,132,-213
54,124,-222
49,116,-223
49,116,-235
47,112,-229
55,116,-230
53,120,-230
53,120,-225
51,120,-221
51,125,-218
50,117,-222
45,122,-227
42,123,-223
31,115,-236
29,117,-234
27,122,-231
22,122,-234
25,117,-241
15,112,-239
11,112,-246
10,100,-254
7,97,-247
2,96,-246
1,102,-245
1,97,-250
-5,99,-248
-4,93,-257
-3,96,-251
-11,91,-254
-13,79,-254
-18,81,-259
-16,80,-248
-7,89,-258
-8,91,-254
-10,87,-253
-12,80,-253
-21,85,-256
-13,77,-257
-6,79,-259
1,79,-259
-3,82,-251
-4,74,-259
-7,66,-263
-10,48,-260
-6,38,-264
-10,34,-268
-5,29,-265
-3,32,-260
0,25,-272
-5,23,-265
-2,28,-264
-2,26,-264
-10,32,-265
-8,33,-269
-7,29,-263
0,27,-265
1,21,-264
-7,20,-272
-11,33,-266
3,44,-266
2,48,-268
3,61,-266
3,56,-264
4,57,-263
6,53,-265
0,46,-268
-4,51,-254
1,40,-266
-3,53,-260
3,42,-264
0,41,-268
-5,43,-265
-6,40,-264
-15,35,-262
-12,32,-268
-14,32,-265
-7,25,-258
3,26,-269
5,24,-266
11,29,-268
14,31,-262
6,34,-265
7,26,-266
7,31,-264
4,32,-265
5,28,-266
9,32,-268
18,32,-263
22,29,-265
26,31,-262
31,34,-258
35,35,-259
36,29,-263
39,35,-259
37,40,-257
30,38,-257
34,29,-260
36,39,-263
31,27,-258
25,25,-263
22,23,-263
22,25,-268
14,19,-269
18,20,-270
21,5,-264
18,13,-260
6,11,-272
5,17,-264
9,13,-265
-2,3,-266
-6,3,-262
-11,3,-266
-15,-2,-264
-20,5,-259
-24,8,-269
-13,8,-269
-18,12,-266
-8,24,-269
-13,28,-271
-12,23,-260
-23,32,-265
-36,33,-266
-39,36,-260
-54,38,-262
-61,35,-259
-60,29,-256
-69,18,-251
-67,9,-248
-66,3,-254
-66,1,-259
-59,-2,-257
-56,-2,-252
-42,-10,-260
-40,-13,-257
-34,-22,-254
-16,-24,-260
-19,-30,-260
-10,-24,-253
1,-25,-254
17,-25,-250
31,-21,-256
41,-24,-253
37,-20,-250
41,-19,-256
42,-9,-250
41,-10,-253
41,-10,-248
39,-20,-257
33,-25,-250
23,-43,-250
17,-55,-242
6,-58,-236
1,-64,-238
-8,-75,-235
-16,-74,-222
-21,-79,-231
-26,-79,-224
-28,-70,-229
-32,-60,-234
-32,-54,-244
-30,-42,-248
-28,-35,-258
-26,-26,-260
-20,-13,-266
-15,-22,-266
-7,-10,-268
1,-6,-264
12,-2,-262
21,1,-259
35,-2,-259
34,-7,-253
47,-26,-251
38,-37,-256
41,-33,-248
37,-36,-250
28,-39,-245
21,-45,-250
2,-44,-258
-7,-54,-244
-14,-54,-246
-32,-47,-246
-48,-44,-246
-61,-50,-240
-79,-59,-230
-86,-57,-223
-94,-65,-212
-102,-78,-189
-104,-89,-173
-100,-108,-156
-88,-115,-141
-83,-118,-121
-72,-124,-117
-71,-127,-114
-63,-131,-103
-48,-136,-92
-27,-135,-88
-5,-146,-90
20,-134,-104
39,-124,-112
53,-124,-124
69,-119,-129
82,-109,-130
92,-98,-127
107,-79,-135
126,-68,-132
135,-52,-132
147,-34,-124
151,-34,-115
149,-20,-115
147,-25,-110
146,-35,-104
143,-40,-99
131,-59,-88
116,-79,-90
93,-102,-85
54,-113,-85
25,-130,-80
-5,-141,-85
-36,-135,-71
-55,-130,-80
-73,-132,-85
-83,-127,-61
-68,-121,-23
-19,-107,4
6,-102,9
31,-88,14
60,-94,-7
59,-90,-15
54,-104,-22
39,-103,-21
43,-107,-17
36,-109,-17
30,-112,-19
27,-120,-22
23,-126,-40
19,-131,-45
11,-130,-46
3,-138,-38
4,-134,-41
11,-130,-32
20,-130,-34
35,-124,-31
41,-118,-32
34,-123,-20
27,-107,-10
27,-111,-5
25,-109,-3
27,-102,-3
17,-108,-2
14,-112,6
11,-113,2
5,-117,-2
10,-121,-11
20,-125,-34
25,-134,-46
27,-132,-53
19,-145,-67
17,-138,-69
22,-143,-73
18,-146,-77
21,-149,-81
21,-145,-91
34,-146,-94
25,-141,-102
22,-141,-102
21,-145,-100
21,-147,-108
5,-145,-117
-3,-146,-121
-29,-140,-120
-36,-142,-129
-46,-141,-128
-60,-141,-128
-69,-136,-128
-78,-134,-140
-79,-135,-129
-80,-139,-130
-85,-132,-126
-81,-138,-132
-89,-136,-130
-87,-134,-123
-88,-140,-127
-86,-133,-112
-78,-136,-116
-84,-140,-103
-78,-146,-90
-77,-145,-91
-80,-143,-82
-81,-145,-91
-92,-139,-85
-99,-134,-75
-105,-127,-85
-108,-134,-90
-112,-130,-94
-104,-133,-96
-102,-126,-105
-89,-134,-102
-76,-136,-104
-66,-142,-112
-45,-149,-115
-38,-147,-110
-24,-151,-105
-12,-141,-102
3,-142,-110
17,-142,-122
33,-135,-124
44,-126,-136
65,-124,-151
79,-111,-159
93,-102,-159
104,-86,-152
117,-73,-158
128,-57,-161
139,-56,-157
142,-43,-156
150,-35,-162
144,-22,-156
156,-13,-161
153,-11,-158
153,-15,-156
158,-18,-158
157,-17,-157
152,-12,-154
159,-19,-159
157,-19,-162
151,-25,-163
146,-35,-164
128,-59,-173
110,-71,-175
101,-82,-175
76,-87,-189
59,-100,-198
34,-104,-198
18,-111,-198
3,-119,-189
-4,-117,-187
-3,-118,-191
-3,-120,-183
9,-123,-183
30,-126,-177
51,-124,-158
77,-118,-147
106,-89,-158
118,-74,-157
136,-60,-152
139,-44,-150
143,-33,-152
149,-27,-158
147,-25,-168
150,-17,-171
144,-15,-177
141,-19,-183
133,-22,-194
130,-12,-203
125,-17,-205
116,-26,-215
100,-24,-224
78,-32,-238
55,-34,-245
37,-41,-250
23,-39,-254
12,-45,-250
5,-55,-254
-4,-66,-242
-10,-83,-231
-19,-97,-224
-27,-103,-213
-13,-105,-213
-14,-113,-203
-10,-125,-176
2,-139,-164
29,-132,-157
41,-127,-159
50,-118,-164
61,-118,-159
68,-116,-164
82,-97,-176
92,-94,-182
86,-88,-188
93,-77,-195
90,-73,-194
87,-80,-197
90,-78,-209
76,-78,-209
60,-87,-206
42,-94,-211
20,-95,-207
-13,-98,-218
-36,-96,-221
-61,-85,-221
-75,-78,-225
-87,-67,-231
-91,-55,-228
-93,-57,-228
-92,-58,-227
-85,-70,-219
-75,-85,-211
-50,-110,-197
-21,-125,-183
3,-119,-180
33,-121,-177
41,-111,-188
57,-111,-171
63,-116,-176
59,-116,-174
47,-116,-176
31,-118,-179
6,-116,-186
-5,-123,-188
-29,-115,-189
-46,-118,-183
-60,-109,-195
-78,-111,-191
-83,-107,-191
-91,-98,-194
-97,-98,-194
-87,-100,-191
-93,-92,-192
-87,-97,-198
-92,-93,-195
-89,-97,-195
-99,-97,-188
-99,-113,-186
-93,-108,-175
-91,-105,-173
-86,-115,-165
-77,-121,-163
-66,-121,-161
-54,-131,-161
-32,-132,-164
-22,-133,-165
-10,-141,-152
17,-145,-141
26,-131,-139
28,-133,-134
28,-140,-124
21,-142,-127
12,-142,-112
-6,-151,-103
-32,-146,-94
-50,-140,-88
-61,-142,-96
-78,-134,-102
-84,-131,-108
-93,-131,-108
-93,-133,-112
-89,-125,-106
-85,-132,-102
-86,-133,-103
-84,-133,-93
-83,-134,-87
-72,-135,-84
-53,-136,-75
-43,-145,-76
-35,-141,-77
-24,-149,-93
-18,-145,-103
-20,-145,-98
-20,-145,-115
-20,-135,-127
-8,-135,-148
-8,-128,-163
-6,-124,-168
7,-124,-168
15,-123,-181
28,-119,-180
53,-112,-180
60,-110,-185
71,-101,-177
84,-109,-171
93,-97,-174
99,-87,-165
100,-88,-162
109,-90,-164
96,-87,-161
83,-96,-165
68,-113,-171
33,-112,-168
4,-123,-171
-20,-126,-173
-52,-126,-170
-63,-128,-158
-88,-119,-156
-95,-119,-151
-103,-113,-157
-107,-110,-153
-104,-110,-151
-113,-110,-148
-116,-115,-136
-123,-112,-134
-115,-109,-126
-121,-109,-118
-121,-109,-104
-112,-111,-85
-111,-112,-71
-110,-116,-61
-100,-115,-55
-96,-109,-46
-95,-115,-47
-95,-112,-50
-104,-115,-50
-97,-119,-62
-97,-121,-69
-100,-115,-71
-96,-120,-75
-97,-126,-74
-89,-123,-63
-77,-126,-59
-63,-133,-52
-37,-141,-58
-16,-132,-58
4,-136,-51
26,-133,-45
34,-125,-56
59,-125,-58
74,-117,-55
78,-108,-52
84,-104,-51
98,-93,-46
103,-87,-55
115,-75,-52
110,-82,-50
117,-80,-50
110,-92,-57
112,-82,-52
119,-73,-55
125,-60,-56
139,-51,-73
150,-37,-70
152,-28,-75
156,-22,-84
159,-7,-87
167,3,-96
172,12,-100
165,12,-115
166,18,-109
166,25,-111
169,31,-120
176,42,-122
167,38,-124
165,42,-122
168,43,-121
164,36,-121
165,31,-112
169,12,-103
168,-7,-94
157,-21,-82
146,-40,-65
141,-54,-65
125,-70,-51
107,-81,-46
86,-95,-46
71,-103,-43
61,-120,-39
39,-126,-55
22,-134,-56
-6,-131,-55
-29,-135,-74
-53,-132,-82
-70,-133,-88
-84,-126,-103
-95,-121,-122
-104,-121,-124
-100,-112,-146
-107,-112,-141
-108,-111,-147
-101,-120,-138
-91,-126,-120
-75,-138,-105
-56,-138,-93
-29,-145,-71
14,-142,-64
49,-126,-62
85,-110,-71
101,-101,-81
107,-95,-77
117,-87,-79
117,-80,-81
114,-77,-77
115,-87,-76
117,-92,-69
109,-88,-77
100,-95,-75
99,-96,-79
101,-94,-84
103,-92,-76
116,-83,-77
125,-65,-85
141,-60,-82
142,-50,-88
143,-51,-90
144,-45,-100
146,-49,-109
141,-58,-99
134,-67,-106
118,-83,-106
103,-103,-105
68,-116,-104
42,-133,-115
20,-134,-114
9,-148,-104
2,-146,-109
-19,-139,-106
-29,-142,-100
-43,-145,-103
-56,-135,-112
-70,-135,-103
-78,-134,-121
-86,-133,-127
-94,-120,-128
-92,-123,-142
-104,-117,-136
-104,-117,-132
-93,-121,-115
-85,-139,-114
-71,-134,-116
-48,-143,-114
-34,-145,-117
-14,-143,-116
5,-138,-115
20,-143,-128
37,-131,-129
49,-121,-134
60,-128,-144
67,-119,-148
68,-116,-147
66,-113,-150
61,-116,-147
51,-119,-158
28,-128,-168
2,-127,-169
-27,-124,-170
-60,-123,-171
-84,-117,-168
-102,-98,-168
-109,-96,-182
-116,-87,-189
-110,-70,-193
-108,-67,-210
-109,-55,-216
-102,-48,-230
-100,-39,-235
-100,-25,-247
-83,-24,-258
-81,-13,-252
-69,-17,-253
-75,-20,-252
-77,-32,-245
-73,-35,-246
-72,-41,-240
-85,-40,-241
-87,-44,-244
-94,-47,-231
-101,-54,-224
-111,-57,-216
-125,-62,-201
-134,-78,-185
-137,-81,-164
-146,-93,-116
-149,-90,-102
-150,-80,-84
-146,-83,-68
-153,-72,-58
-146,-70,-32
-135,-65,-20
-127,-57,-2
-113,-57,18
-92,-54,31
-68,-43,37
-54,-52,44
-19,-58,43
9,-54,43
30,-59,37
57,-49,36
77,-42,24
104,-33,9
155,0,-34
155,6,-46
167,5,-71
165,-2,-74
165,-9,-88
157,-10,-87
159,-12,-97
164,-12,-111
157,-28,-114
148,-44,-123
135,-59,-132
117,-80,-141
108,-89,-144
84,-95,-159
71,-105,-165
46,-115,-170
15,-116,-171
-6,-126,-170
-32,-125,-171
-48,-130,-154
-67,-130,-142
-79,-124,-144
-85,-123,-135
-97,-121,-120
-105,-116,-109
-109,-119,-115
-109,-115,-112
-116,-112,-110
-116,-110,-108
-129,-110,-103
-128,-104,-94
-124,-102,-102
-134,-96,-96
-135,-93,-92
-144,-90,-90
-137,-95,-87
-141,-92,-84
-145,-85,-71
-141,-92,-69
-141,-92,-62
-120,-103,-64
-117,-107,-85
-108,-118,-99
-97,-124,-112
-81,-133,-124
-72,-128,-129
-53,-136,-128
-32,-139,-128
-3,-134,-130
13,-127,-145
29,-125,-154
29,-123,-154
31,-123,-162
31,-118,-169
17,-119,-173
-2,-121,-175
-13,-117,-170
-36,-115,-173
-44,-125,-169
-54,-128,-153
-60,-127,-145
-64,-123,-142
-68,-131,-139
-75,-126,-141
-70,-131,-136
-70,-131,-127
-72,-131,-117
-70,-131,-112
-63,-133,-103
-64,-139,-92
-55,-139,-77
-42,-139,-73
-36,-135,-81
-38,-138,-91
-43,-133,-98
-43,-135,-103
-53,-130,-128
-58,-120,-157
-54,-115,-180
-54,-108,-194
-46,-111,-195
-45,-115,-187
-35,-123,-167
-28,-132,-154
-15,-131,-141
-7,-136,-135
1,-133,-127
3,-145,-127
-3,-136,-133
1,-128,-132
2,-134,-128
-5,-134,-128
-13,-133,-132
-10,-132,-130
-14,-134,-130
-14,-134,-140
-19,-136,-142
-35,-136,-150
-46,-130,-150
-50,-128,-156
-56,-126,-156
-51,-127,-162
-52,-124,-153
-61,-128,-144
-69,-132,-133
-78,-132,-118
-75,-128,-108
-75,-126,-88
-80,-125,-80
-89,-123,-87
-91,-124,-84
-97,-121,-100
-95,-119,-103
-89,-123,-111
-94,-116,-130
-105,-123,-142
-99,-107,-154
-94,-100,-171
-103,-97,-181
-89,-93,-193
-91,-96,-187
-84,-105,-182
-78,-116,-174
-73,-125,-162
-60,-132,-145
-52,-131,-134
-38,-138,-132
-38,-140,-134
-30,-136,-128
-32,-134,-128
-24,-142,-122
-12,-146,-121
-8,-142,-122
-15,-145,-129
-38,-138,-134
-61,-140,-136
-79,-121,-144
-97,-117,-144
-97,-101,-156
-102,-98,-163
-111,-103,-168
-118,-87,-177
-123,-87,-173
-118,-92,-175
-124,-93,-169
-120,-94,-163
-123,-103,-139
-117,-113,-116
-120,-112,-93
-115,-111,-90
-110,-107,-82
-112,-113,-68
-109,-112,-71
-101,-113,-58
-94,-113,-53
-85,-111,-39
-71,-118,-41
-61,-126,-43
-59,-128,-47
-59,-126,-50
-61,-133,-71
-64,-130,-73
-73,-134,-92
-78,-132,-106
-85,-130,-126
-88,-128,-129
-99,-118,-145
-95,-110,-153
-94,-116,-159
-83,-116,-154
-75,-128,-144
-56,-138,-136
-31,-135,-127
-22,-133,-127
-11,-135,-132
-18,-135,-144
-23,-127,-145
-42,-130,-154
-63,-128,-156
-76,-113,-154
-96,-113,-171
-99,-107,-171
-97,-103,-170
-101,-107,-164
-95,-105,-170
-96,-113,-159
-93,-110,-158
-100,-119,-156
-91,-124,-146
-79,-126,-127
-59,-131,-110
-60,-130,-114
-47,-138,-115
-62,-132,-123
-64,-136,-130
-75,-121,-144
-80,-109,-164
-85,-104,-174
-84,-108,-180
-91,-110,-170
-84,-119,-148
-83,-127,-133
-77,-128,-117
-64,-134,-133
-64,-127,-123
-71,-125,-138
-72,-126,-139
-77,-124,-151
-93,-112,-156
-99,-95,-179
-99,-93,-186
-99,-90,-188
-95,-96,-182
-86,-112,-165
-72,-131,-151
-54,-138,-132
-34,-135,-122
-32,-136,-126
-30,-139,-123
-42,-139,-114
-47,-142,-105
-53,-136,-92
-64,-132,-90
-77,-131,-91
-95,-126,-103
-99,-118,-102
-107,-119,-112
-107,-121,-112
-110,-118,-116
-115,-109,-106
-112,-111,-111
-124,-107,-118
-119,-104,-128
-112,-104,-138
-118,-103,-144
-113,-103,-153
-104,-105,-168
-102,-108,-170
-100,-103,-180
-92,-111,-167
-81,-115,-163
-80,-116,-162
-69,-125,-157
-55,-125,-171
-48,-123,-167
-46,-123,-169
-45,-126,-165
-31,-124,-165
-21,-127,-167
-18,-128,-158
-10,-132,-162
-5,-134,-154
-7,-132,-154
7,-133,-153
7,-133,-146
9,-127,-152
1,-131,-158
-13,-121,-173
-29,-124,-173
-35,-116,-179
-39,-118,-186
-50,-108,-199
-56,-105,-197
-69,-104,-195
-69,-95,-205
-78,-93,-198
-80,-100,-198
-80,-97,-193
-85,-88,-200
-87,-97,-195
-89,-90,-198
-87,-86,-207
-93,-87,-201
-89,-81,-205
-96,-88,-198
-97,-98,-180
-88,-105,-177
-93,-110,-168
-96,-109,-167
-91,-115,-158
-88,-117,-158
-89,-120,-159
-91,-117,-153
-88,-119,-146
-89,-125,-130
-84,-128,-127
-81,-131,-115
-83,-130,-111
-75,-133,-117
-77,-128,-108
-73,-132,-116
-76,-130,-99
-70,-131,-103
-73,-136,-85
-61,-131,-76
-54,-133,-59
-43,-138,-45
-46,-127,-29
-27,-119,-16
-23,-107,-5
-10,-97,12
3,-89,10
22,-81,16
42,-71,27
54,-47,26
75,-35,24
79,-19,31
92,-6,27
102,0,24
101,10,20
112,14,10
119,17,10
126,28,-9
144,40,-16
151,42,-33
156,40,-62
164,36,-68
166,36,-85
166,32,-77
169,19,-81
164,6,-82
160,-13,-84
159,-26,-85
152,-40,-82
142,-48,-84
140,-59,-88
133,-64,-98
128,-75,-98
117,-78,-96
111,-86,-99
103,-94,-100
95,-100,-106
80,-103,-122
70,-111,-121
65,-115,-134
63,-116,-140
46,-119,-148
26,-119,-151
18,-123,-164
6,-118,-169
-14,-120,-176
-21,-113,-183
-34,-117,-192
-39,-109,-193
-40,-98,-204
-42,-90,-217
-36,-96,-213
-19,-90,-227
-14,-86,-217
-11,-94,-218
-4,-94,-221
1,-94,-216
2,-104,-219
9,-107,-207
10,-110,-201
14,-112,-194
10,-119,-187
4,-123,-183
-7,-123,-181
-14,-125,-174
-30,-123,-169
-35,-130,-154
-61,-138,-153
-73,-127,-142
-94,-125,-138
-107,-115,-134
-119,-113,-126
-134,-103,-112
-141,-96,-110
-156,-86,-99
-158,-83,-75
-159,-68,-64
-159,-62,-35
-143,-50,-11
-120,-41,20
-97,-43,39
-63,-25,46
-28,-21,55
-7,-14,62
31,-7,64
59,-5,45
88,-7,28
108,-4,18
131,-9,-7
138,-11,-31
144,-11,-43
150,-3,-61
160,-6,-71
161,-3,-94
155,0,-114
160,5,-124
158,-9,-134
143,-10,-142
156,-20,-141
141,-35,-142
132,-47,-150
125,-60,-150
111,-70,-142
98,-95,-154
76,-101,-151
62,-110,-158
31,-118,-174
12,-112,-175
-6,-119,-185
-23,-113,-188
-42,-100,-205
-38,-98,-209
-34,-98,-216
-39,-95,-217
-34,-94,-223
-26,-100,-212
-22,-103,-213
-21,-109,-210
-31,-117,-197
-37,-116,-193
-62,-120,-181
-80,-116,-169
-96,-118,-164
-119,-102,-154
-132,-101,-148
-136,-89,-139
-151,-81,-130
-162,-79,-104
-157,-73,-81
-156,-72,-51
-142,-70,-27
-129,-59,6
-108,-56,24
-73,-54,43
-45,-48,49
-4,-48,54
25,-37,52
53,-43,34
65,-52,22
85,-41,22
96,-39,13
101,-34,3
99,-27,8
115,-18,6
117,-15,-2
122,-9,-9
128,-6,-16
132,-12,-3
130,-5,-3
109,-21,12
93,-30,26
63,-44,38
35,-45,44
14,-43,51
17,-32,51
52,-24,43
86,-12,26
108,-4,20
114,-7,9
112,-11,8
100,-21,24
87,-20,37
60,-41,46
28,-45,51
5,-48,44
3,-52,56
34,-17,55
29,6,57
17,17,58
1,24,68
-21,27,64
-47,35,58
-54,38,58
-58,34,57
-44,32,64
-22,31,68
-4,12,70
10,-2,63
13,-10,60
3,-9,63
-4,-15,63
-27,-22,58
-50,-32,58
-62,-40,45
-72,-57,42
-69,-65,28
-84,-71,20
-79,-82,10
-67,-93,4
-40,-105,13
-19,-107,-3
4,-107,-8
38,-113,-10
55,-105,-31
75,-95,-32
79,-100,-34
83,-94,-38
73,-90,-34
57,-102,-27
49,-105,-14
26,-108,-14
15,-107,-5
19,-108,-11
36,-102,-15
63,-95,-20
86,-81,-22
96,-82,-38
93,-79,-32
87,-85,-40
76,-94,-35
52,-107,-32
34,-116,-25
23,-119,-21
30,-115,-23
55,-112,-21
69,-101,-43
90,-92,-45
91,-86,-44
80,-92,-43
55,-103,-35
38,-104,-15
7,-110,-4
-11,-105,-2
-14,-107,0
-8,-98,3
-3,-83,16
5,-80,27
11,-56,36
7,-43,44
-4,-34,51
-6,-25,58
-10,-26,57
1,-15,56
15,-12,62
23,-6,58
29,-30,50
39,-34,44
42,-39,42
39,-48,32
50,-51,26
61,-54,24
82,-58,14
92,-57,-7
115,-52,-26
128,-50,-40
133,-50,-52
133,-41,-50
136,-51,-51
120,-65,-44
102,-79,-32
71,-92,-19
31,-107,-13
-24,-121,-11
-53,-120,-25
-70,-121,-33
-66,-121,-35
-42,-125,-44
-37,-130,-53
-27,-128,-55
-14,-132,-51
-3,-136,-58
18,-136,-68
37,-126,-69
45,-127,-80
58,-124,-86
62,-121,-86
60,-121,-88
62,-117,-100
58,-124,-105
46,-124,-120
17,-126,-127
-10,-130,-142
-37,-123,-159
-50,-115,-173
-64,-113,-179
-63,-117,-173
-61,-115,-175
-58,-109,-181
-47,-112,-192
-30,-104,-200
-16,-102,-205
-7,-95,-217
4,-86,-224
9,-90,-222
20,-90,-207
30,-105,-189
26,-108,-185
27,-111,-176
31,-116,-183
26,-112,-177
29,-107,-181
26,-108,-182
27,-107,-181
34,-109,-191
27,-111,-195
33,-103,-197
27,-102,-193
39,-105,-201
29,-107,-195
30,-98,-199
27,-100,-205
31,-109,-198
23,-98,-197
17,-108,-194
-5,-111,-181
-22,-126,-165
-35,-134,-142
-43,-138,-129
-46,-130,-130
-44,-139,-133
-43,-133,-132
-40,-131,-127
-44,-139,-118
-46,-136,-121
-40,-133,-112
-46,-134,-109
-44,-139,-104
-42,-130,-90
-32,-141,-85
-27,-135,-71
-22,-131,-52
-10,-132,-46
0,-123,-39
13,-120,-37
28,-124,-47
28,-121,-64
46,-124,-86
61,-120,-106
78,-115,-124
91,-93,-130
103,-94,-132
110,-80,-132
119,-75,-132
125,-70,-138
127,-60,-128
127,-56,-140
138,-55,-134
138,-55,-132
133,-52,-124
144,-52,-124
140,-50,-124
143,-47,-126
141,-51,-126
138,-48,-124
134,-54,-123
131,-66,-129
119,-75,-136
115,-75,-139
108,-82,-139
101,-87,-141
98,-90,-142
86,-100,-142
88,-100,-145
77,-100,-147
73,-107,-152
69,-108,-161
62,-108,-158
54,-111,-159
46,-112,-163
44,-112,-156
45,-116,-162
31,-107,-167
25,-120,-169
21,-115,-170
11,-123,-167
0,-120,-174
-22,-117,-177
-23,-118,-171
-28,-116,-181
-38,-115,-182
-43,-115,-182
-52,-115,-175
-59,-108,-180
-55,-107,-171
-75,-112,-177
-75,-105,-185
-79,-101,-189
-75,-96,-197
-81,-94,-199
-79,-89,-209
-79,-85,-206
-77,-80,-199
-78,-81,-200
-69,-83,-215
-71,-86,-215
-68,-85,-213
-69,-90,-207
-66,-87,-201
-67,-95,-205
-58,-90,-207
-44,-100,-205
-29,-103,-201
-21,-109,-198
-12,-116,-188
1,-117,-182
14,-124,-175
35,-119,-173
54,-116,-162
75,-102,-169
87,-96,-161
84,-88,-164
93,-90,-159
98,-83,-150
104,-83,-152
112,-80,-144
119,-82,-141
118,-72,-142
124,-71,-134
125,-70,-133
126,-64,-132
130,-60,-128
135,-52,-129
141,-49,-126
141,-47,-123
142,-48,-120
139,-42,-123
138,-45,-117
140,-43,-108
142,-45,-105
148,-49,-106
134,-54,-99
136,-56,-102
131,-59,-100
124,-66,-91
127,-70,-94
125,-65,-94
122,-68,-96
124,-71,-93
126,-68,-96
125,-74,-97
127,-63,-104
122,-75,-105
120,-77,-111
119,-68,-120
119,-73,-122
118,-77,-118
122,-68,-122
120,-72,-121
110,-82,-129
114,-86,-126
108,-80,-132
107,-83,-133
107,-86,-130
104,-90,-130
101,-89,-141
91,-97,-138
95,-95,-140
91,-95,-138
90,-101,-141
93,-95,-138
95,-97,-142
88,-93,-142
86,-97,-145
92,-87,-134
92,-98,-144
94,-98,-136
96,-94,-141
93,-97,-140
98,-93,-138
100,-90,-135
100,-88,-135
101,-80,-134
106,-78,-134
115,-75,-127
114,-81,-130
117,-71,-134
128,-68,-134
127,-65,-133
130,-63,-128
126,-62,-129
131,-52,-132
130,-54,-130
139,-54,-135
133,-45,-134
140,-45,-129
138,-45,-132
144,-43,-132
142,-48,-132
139,-49,-133
138,-50,-136
138,-43,-141
134,-40,-140
140,-41,-134
141,-44,-135
140,-41,-139
146,-40,-133
139,-37,-133
143,-33,-135
141,-28,-135
144,-34,-136
142,-27,-136
142,-22,-134
147,-20,-136
148,-19,-142
148,-21,-138
152,-19,-142
147,-18,-136
149,-20,-146
141,-28,-142
133,-32,-148
135,-39,-151
131,-52,-151
116,-63,-152
111,-77,-159
95,-79,-147
93,-93,-152
95,-83,-152
85,-89,-148
73,-102,-154
69,-112,-156
55,-110,-156
58,-112,-144
57,-113,-152
50,-113,-157
46,-115,-156
42,-117,-153
37,-119,-153
44,-121,-153
54,-116,-150
61,-111,-142
74,-105,-136
88,-100,-138
99,-96,-134
106,-87,-141
111,-83,-138
116,-70,-142
119,-66,-146
124,-57,-146
131,-57,-146
133,-55,-141
132,-56,-152
128,-45,-144
133,-48,-153
132,-51,-150
126,-55,-153
123,-63,-154
117,-64,-158
117,-66,-153
100,-77,-157
92,-92,-153
88,-88,-159
86,-93,-157
84,-93,-157
83,-94,-156
84,-97,-157
85,-92,-158
95,-83,-147
102,-83,-150
104,-79,-142
107,-77,-152
118,-74,-159
112,-66,-156
120,-58,-150
126,-62,-146
131,-50,-151
130,-56,-152
125,-49,-152
128,-55,-156
126,-57,-151
118,-70,-154
104,-70,-162
98,-83,-162
86,-88,-162
83,-96,-161
90,-89,-158
104,-83,-157
106,-78,-148
112,-73,-151
111,-63,-152
125,-70,-154
120,-60,-152
122,-59,-156
110,-73,-148
101,-78,-156
95,-90,-157
85,-94,-161
74,-98,-158
66,-109,-157
65,-101,-161
60,-112,-161
52,-109,-157
47,-113,-159
49,-115,-148
49,-124,-148
54,-120,-150
62,-115,-148
74,-115,-136
71,-108,-139
88,-107,-133
88,-102,-138
102,-93,-138
98,-88,-133
111,-77,-140
111,-77,-145
117,-78,-141
111,-79,-145
112,-75,-144
114,-79,-150
107,-81,-154
103,-85,-146
83,-96,-151
71,-112,-144
73,-111,-145
65,-110,-148
63,-111,-150
75,-109,-142
75,-100,-145
92,-96,-148
107,-81,-145
108,-73,-148
119,-66,-148
127,-58,-150
128,-59,-151
127,-51,-152
130,-49,-157
136,-42,-157
128,-39,-156
138,-41,-158
132,-42,-154
139,-37,-150
136,-40,-145
138,-43,-134
133,-59,-134
124,-71,-122
119,-75,-115
103,-85,-98
94,-94,-93
87,-101,-81
78,-103,-64
68,-107,-49
59,-104,-41
54,-104,-29
43,-102,-17
27,-93,-8
23,-94,1
21,-92,10
22,-79,16
13,-77,16
15,-72,26
11,-65,33
11,-60,38
5,-55,39
3,-48,44
-6,-52,44
-8,-48,42
-11,-52,46
-15,-39,49
-31,-36,46
-36,-27,56
-35,-30,50
-45,-32,54
-52,-27,54
-53,-30,52
-53,-26,50
-61,-29,46
-50,-27,51
-48,-33,52
-54,-29,54
-52,-27,51
-44,-21,50
-46,-24,52
-48,-21,55
-47,-20,54
-61,-15,54
-66,-13,49
-68,-15,42
-62,-19,48
-75,-6,46
-84,-4,51
-83,4,48
-85,2,50
-86,8,54
-86,19,58
-83,23,55
-80,25,50
-71,39,60
-75,42,63
-75,44,63
-73,43,62
-76,55,57
-76,50,55
-76,62,57
-81,67,54
-81,65,56
-84,70,54
-85,71,50
-83,78,50
-85,80,50
-87,87,50
-83,89,48
-89,87,50
-91,86,49
-91,81,49
-93,81,49
-94,71,52
-89,76,50
-91,67,51
-83,62,62
-83,62,52
-84,54,58
-68,51,63
-63,58,56
-55,62,64
-56,56,61
-50,54,66
-52,44,63
-48,41,60
-46,29,67
-44,27,69
-45,19,66
-50,12,58
-54,1,61
-56,-2,56
-59,-6,58
-60,-12,48
-68,-18,49
-66,-29,44
-64,-30,43
-56,-39,49
-56,-45,42
-45,-52,39
-31,-62,44
-23,-60,31
-13,-64,37
7,-66,32
28,-71,25
37,-80,13
44,-78,8
51,-82,3
52,-77,0
59,-77,-5
74,-85,-16
74,-73,-9
71,-75,-7
66,-77,-8
65,-75,-2
47,-79,0
33,-87,8
2,-83,24
-8,-73,30
-16,-70,40
-16,-49,45
-20,-32,56
-23,-26,52
-21,-24,55
-37,-14,64
-44,-7,62
-54,-6,61
-48,9,64
-51,11,62
-46,20,64
-36,21,63
-44,27,62
-60,29,64
-55,29,69
-63,35,61
-61,35,58
-69,36,60
-66,42,63
-69,50,57
-67,43,64
-72,44,61
-66,40,61
-72,35,68
-73,32,62
-78,32,60
-69,34,64
-68,31,61
-70,28,63
-67,23,60
-62,16,57
-61,17,63
-60,13,60
-62,13,60
-55,9,60
-56,5,58
-52,5,56
-46,-5,57
-37,-3,69
-34,-13,54
-23,-17,60
-15,-27,58
-11,-32,61
-10,-33,52
-6,-36,54
-5,-33,55
-10,-28,57
-5,-26,60
0,-21,50
-4,-25,54
-11,-13,58
-14,-5,69
-16,6,64
-28,13,67
-36,24,63
-52,40,58
-68,42,61
-60,48,62
-68,54,54
-70,56,51
-75,65,56
-73,69,52
-81,74,51
-72,74,54
-81,79,44
-83,80,48
-72,86,49
-75,88,49
-84,86,44
-86,91,44
-85,96,38
-87,101,40
-87,99,36
-91,104,30
-94,108,24
-99,115,14
-96,115,24
-101,115,16
-104,116,15
-96,115,16
-93,125,15
-95,125,8
-101,126,9
-97,118,10
-101,122,14
-92,119,14
-96,119,9
-93,120,13
-96,119,12
-96,124,19
-95,120,13
-92,124,16
-87,117,14
-73,117,19
-71,119,24
-67,119,26
-60,119,28
-62,126,24
-44,126,31
-35,124,33
-34,127,37
-40,125,32
-40,127,39
-52,130,34
-52,130,30
-55,126,31
-62,124,26
-68,127,27
-68,127,25
-70,127,25
-59,127,22
-62,124,28
-59,127,27
-70,132,22
-67,124,31
-72,116,30
-67,126,28
-69,129,26
-72,118,27
-70,120,20
-69,124,36
-67,126,24
-68,123,25
-72,120,27
-72,118,25
-79,120,25
-75,127,27
-73,122,28
-72,116,22
-81,118,22
-77,120,22
-81,120,20
-86,120,15
-89,119,19
-89,122,14
-89,124,7
-94,119,12
-88,127,13
-92,122,9
-92,126,4
-79,130,10
-83,131,9
-77,132,13
-71,133,7
-71,140,14
-64,140,12
-66,139,10
-54,139,18
-51,140,26
-45,148,18
-35,138,24
-26,129,36
-26,122,40
-13,123,44
-14,126,40
-10,124,36
-8,116,39
-13,116,39
-14,110,43
-24,111,49
-38,109,39
-47,107,42
-59,111,37
-59,109,37
-56,114,32
-66,111,44
-54,109,42
-47,114,32
-19,112,40
9,122,36
35,111,39
44,111,34
36,112,43
30,107,46
10,107,46
-2,104,56
-22,104,46
-21,108,43
-22,104,51
-19,106,50
-16,106,45
-26,103,50
-38,100,49
-45,111,44
-71,99,36
-75,109,37
-83,101,26
-84,100,34
-88,107,25
-92,108,26
-88,107,30
-83,108,33
-67,110,38
-60,115,31
-50,118,37
-34,120,30
-21,124,36
-11,123,34
5,127,25
15,126,33
27,133,28
44,134,25
53,132,13
58,137,13
60,137,13
67,130,10
73,133,7
77,131,4
78,132,6
85,127,-4
80,134,1
78,132,3
76,130,6
63,122,21
53,125,22
41,117,31
22,124,31
4,122,31
-6,125,37
-24,130,37
-37,138,26
-62,138,14
-79,139,6
-89,145,-8
-105,147,-17
-111,150,-26
-111,148,-35
-116,146,-38
-118,148,-38
-124,152,-37
-123,148,-47
-124,140,-53
-128,140,-46
-124,145,-53
-129,137,-57
-134,144,-57
-136,144,-59
-132,144,-59
-141,141,-67
-133,145,-70
-134,141,-67
-139,141,-69
-136,132,-71
-139,144,-71
-136,146,-57
-133,133,-58
-133,142,-53
-134,132,-55
-139,127,-43
-126,131,-34
-123,125,-28
-117,131,-22
-107,132,-2
-104,125,3
-93,123,13
-91,123,10
-87,122,7
-104,118,8
-116,120,-9
-121,119,-10
-120,125,-11
-120,118,-14
-110,117,-8
-111,116,-4
-103,115,2
-100,116,6
-99,115,7
-100,109,18
-96,119,14
-103,119,14
-112,117,-5
-119,119,-8
-126,119,-17
-127,123,-31
-133,119,-27
-128,124,-29
-140,122,-29
-136,118,-31
-136,118,-38
-143,123,-40
-141,125,-40
-143,127,-47
-139,123,-47
-146,135,-56
-144,126,-49
-142,124,-46
-140,126,-39
-126,126,-32
-113,123,-16
-105,124,-3
-92,131,7
-80,131,9
-83,131,7
-89,133,9
-110,135,-5
-124,131,-17
-124,133,-29
-123,127,-16
-117,119,-5
-113,118,3
-96,110,16
-71,117,28
-62,117,26
-60,115,33
-76,117,24
-88,118,15
-102,125,6
-111,120,3
-117,124,-10
-124,122,-10
-123,123,-4
-116,116,-4
-110,106,16
-95,102,20
-86,100,37
-70,97,37
-61,104,44
-56,97,42
-59,100,39
-62,101,36
-72,91,39
-87,94,28
-94,99,24
-108,94,12
-112,101,7
-119,101,4
-112,96,9
-107,100,10
-104,95,15
-103,92,16
-110,94,9
-112,92,14
-120,95,6
-123,97,1
-128,99,-5
-126,106,-10
-119,110,-3
-111,102,8
-101,110,12
-84,109,22
-80,122,26
-87,117,16
-94,126,4
-107,130,-2
-126,140,-25
-125,137,-28
-132,137,-38
-129,139,-50
-125,141,-52
-133,147,-63
-132,148,-62
-135,142,-75
-134,150,-79
-134,155,-91
-129,160,-86
-129,153,-79
-127,153,-76
-129,153,-71
-133,147,-65
-135,149,-61
-127,144,-52
-129,139,-40
-128,138,-32
-121,135,-22
-115,129,-15
-99,129,0
-89,122,7
-80,135,14
-68,123,27
-59,125,25
-47,132,30
-37,124,28
-30,131,28
-34,127,30
-31,125,32
-28,133,28
-43,127,25
-55,129,28
-80,129,12
-85,129,9
-96,138,-5
-103,129,-8
-111,137,-11
-119,138,-27
-126,140,-37
-131,135,-46
-124,142,-51
-136,139,-55
-128,142,-65
-127,132,-67
-128,142,-70
-124,145,-73
-128,142,-77
-132,148,-84
-131,149,-80
-128,145,-85
-121,152,-90
-128,147,-92
-133,147,-90
-125,153,-88
-129,146,-79
-127,146,-84
-125,148,-84
-127,146,-79
-133,147,-80
-123,141,-86
-123,148,-81
-126,145,-80
-124,147,-82
-126,149,-75
-118,141,-71
-123,146,-69
-118,146,-64
-117,140,-53
-107,148,-40
-105,140,-32
-97,150,-28
-92,147,-32
-95,144,-31
-101,152,-34
-104,155,-50
-108,156,-63
-108,156,-68
-116,162,-74
-107,155,-69
-109,157,-64
-115,147,-46
-102,141,-33
-93,137,-21
-87,129,-8
-85,124,4
-77,123,10
-87,119,7
-96,112,9
-96,106,14
-96,101,9
-89,94,21
-71,99,26
-72,93,34
-69,87,36
-54,95,39
-53,96,40
-53,92,38
-45,88,39
-44,99,40
-56,97,37
-73,94,31
-96,101,21
-110,96,12
-110,101,-3
-111,93,10
-100,91,10
-91,88,22
-87,73,28
-78,69,33
-79,72,37
-67,66,45
-58,66,50
-59,61,44
-67,53,43
-81,58,46
-99,48,26
-107,49,18
-117,48,19
-119,50,9
-103,50,21
-92,48,31
-55,43,45
-23,64,45
-4,56,54
-5,57,45
-22,65,44
-37,66,50
-59,61,39
-83,57,38
-88,67,34
-86,58,30
-68,61,37
-50,56,51
-28,62,50
-15,56,49
-19,59,50
-36,58,54
-42,57,48
-62,57,43
-77,56,30
-81,51,34
-85,50,36
-70,47,32
-56,47,44
-46,43,50
-24,40,49
-26,41,48
-8,31,46
-8,40,51
-4,38,51
-14,32,50
-23,34,45
-36,38,46
-52,35,49
-67,46,40
-78,39,36
-88,42,32
-81,40,34
-80,41,36
-73,34,31
-66,35,49
-46,27,50
-15,17,51
4,20,52
-2,12,51
5,19,54
3,12,54
-7,18,48
-27,21,44
-61,40,42
-86,44,34
-105,48,21
-99,50,24
-97,56,27
-85,59,33
-69,57,40
-52,67,46
-44,66,40
-48,59,45
-53,69,40
-73,71,36
-92,69,31
-96,76,19
-97,77,15
-101,80,21
-96,78,24
-95,81,18
-92,80,24
-84,79,27
-66,84,27
-46,85,36
-26,94,36
-11,93,34
-7,92,33
-8,97,34
-10,103,28
-22,107,34
-21,106,28
-37,112,26
-52,109,18
-67,115,12
-78,119,9
-84,120,3
-77,118,3
-76,119,2
-68,123,6
-61,118,6
-47,120,18
-34,123,18
-20,125,18
-22,120,15
-30,126,14
-44,131,16
-59,130,8
-72,137,-7
-81,137,-11
-83,145,-25
-83,135,-17
-84,139,-16
-77,134,-14
-72,141,-14
-60,131,-13
-61,137,-4
-44,135,2
-30,142,4
-27,139,8
-44,147,-5
-50,144,-11
-61,146,-14
-72,148,-31
-80,161,-41
-77,157,-43
-81,155,-43
-81,155,-50
-68,153,-45
-70,155,-33
-51,152,-22
-29,148,-11
-6,146,-7
-6,155,-9
-11,148,-7
-24,153,-7
-36,155,-16
-54,155,-23
-72,160,-33
-75,153,-38
-79,155,-43
-70,162,-35
-58,152,-20
-44,156,-5
-19,149,-5
-15,153,-2
-14,154,-8
-19,145,-5
-36,153,-11
-45,153,-16
-62,152,-27
-77,160,-31
-85,159,-39
-81,157,-43
-78,156,-39
-75,157,-38
-80,156,-44
-78,161,-37
-73,154,-27
-59,148,-21
-39,142,-5
-24,141,1
-5,145,0
3,141,8
13,138,7
12,141,6
20,131,4
14,137,6
7,141,10
-2,137,10
-8,130,13
-23,129,9
-29,132,18
-40,130,15
-38,120,20
-46,117,14
-53,115,14
-53,108,19
-53,99,24
-51,96,26
-54,84,22
-47,84,34
-50,74,34
-47,70,34
-45,65,39
-39,55,43
-38,49,42
-27,44,49
-27,38,42
-15,35,44
-13,31,49
-7,29,45
-6,21,42
-2,24,44
5,14,46
1,14,44
7,14,49
17,10,49
14,8,49
27,4,48
30,5,37
25,0,38
20,2,40
14,3,39
2,9,45
-16,11,48
-32,16,48
-48,25,38
-45,24,39
-67,27,40
-68,33,44
-73,27,36
-85,18,28
-96,16,24
-100,14,18
-111,14,13
-112,9,7
-116,5,3
-120,-4,1
-133,-3,-17
-132,-11,-16
-132,-15,-19
-133,-21,-17
-132,-29,-26
-134,-39,-31
-128,-47,-32
-128,-51,-29
-126,-51,-27
-126,-58,-25
-115,-49,-22
-117,-56,-20
-100,-52,-4
-99,-54,4
-87,-51,12
-75,-45,13
-66,-52,18
-58,-44,21
-48,-37,31
-45,-39,32
-40,-27,27
-48,-30,26
-43,-29,34
-50,-25,34
-53,-14,38
-61,-11,30
-55,-7,36
-67,-10,28
-63,-9,32
-67,0,38
-54,5,34
-52,5,44
-39,13,45
-35,18,48
-30,20,48
-31,26,46
-21,27,52
-21,39,52
-21,39,43
-22,49,46
-20,56,51
-16,57,48
-14,62,43
-10,69,40
-8,77,42
-10,78,31
-10,80,38
-10,80,40
-23,87,45
-30,85,38
-39,82,33
-53,80,33
-68,81,34
-78,71,31
-86,65,25
-91,63,25
-99,57,24
-104,51,22
-105,36,19
-109,28,8
-115,18,16
-108,16,14
-112,11,16
-115,4,7
-113,-9,10
-115,-14,2
-115,-21,4
-120,-25,-2
-119,-28,-3
-119,-30,-5
-115,-37,-5
-119,-37,-8
-121,-42,-10
-117,-47,-13
-121,-44,-13
-116,-48,-16
-119,-51,-20
-109,-57,-26
-117,-58,-15
-109,-68,-14
-94,-67,-5
-88,-64,-4
-78,-72,-5
-76,-72,-3
-67,-74,7
-69,-67,9
-60,-67,12
-45,-62,13
-35,-65,19
-23,-58,24
-18,-59,30
-6,-55,15
3,-55,18
11,-56,21
5,-57,13
14,-55,20
27,-65,24
33,-59,13
43,-51,9
36,-51,16
37,-45,20
35,-39,20
28,-32,32
20,-24,28
10,-18,37
0,-17,45
-3,-17,40
-2,-2,37
-7,-3,50
-15,1,49
-5,4,48
-8,3,44
-13,1,42
-7,-7,45
-16,2,45
-18,-4,42
-32,-3,48
-44,-3,40
-47,-4,37
-59,-15,37
-75,-11,34
-91,-11,22
-104,-15,18
-111,-15,8
-121,-17,-5
-131,-17,-15
-136,-20,-26
-136,-27,-31
-145,-29,-35
-137,-33,-34
-146,-24,-41
-151,-35,-46
-148,-32,-47
-142,-35,-49
-144,-47,-41
-144,-49,-53
-145,-48,-55
-144,-56,-53
-136,-62,-45
-127,-62,-52
-128,-65,-41
-128,-65,-44
-126,-60,-46
-132,-55,-45
-137,-63,-51
-139,-57,-43
-141,-39,-47
-140,-37,-46
-146,-26,-41
-150,-18,-40
-158,-10,-49
-160,0,-56
-161,-2,-62
-164,3,-57
-164,8,-62
-161,19,-55
-160,20,-51
-158,27,-46
-158,34,-44
-157,35,-43
-152,38,-38
-150,40,-33
-145,40,-21
-134,44,-16
-119,50,0
-109,51,20
-84,54,30
-67,55,38
-48,53,43
-46,48,45
-4,40,44
23,28,44
34,20,43
39,19,39
41,13,36
29,20,43
29,20,40
12,19,46
7,19,44
-16,23,52
-36,28,49
-50,33,42
-64,32,36
-81,38,27
-100,42,25
-109,40,15
-124,41,7
-135,39,-5
-140,36,-17
-145,35,-21
-144,36,-27
-154,31,-35
-157,31,-38
-151,25,-32
-149,20,-29
-143,33,-21
-139,24,-4
-135,27,-8
-137,29,-8
-132,24,-4
-133,32,-8
-137,27,-10
-142,29,-8
-143,28,-21
-143,21,-33
-149,13,-32
-157,10,-45
-158,9,-37
-160,11,-39
-153,16,-32
-141,24,-21
-129,24,1
-117,29,7
-108,39,19
-95,42,27
-85,41,31
-88,47,32
-79,47,30
-77,42,39
-75,42,34
-63,44,44
-68,47,34
-59,47,44
-67,53,38
-70,51,34
-75,47,34
-81,47,30
-86,54,25
-89,55,21
-104,44,20
-100,49,15
-108,48,14
-103,48,16
-99,50,16
-88,49,22
-75,49,39
-54,54,37
-44,53,38
-31,54,39
-15,58,46
-7,62,50
-2,65,44
-10,59,43
-24,72,34
-44,76,36
-53,89,33
-64,87,28
-68,91,25
-76,96,19
-81,88,15
-92,82,12
-107,91,3
-118,91,-11
-126,78,-8
-133,80,-20
-142,85,-27
-140,80,-29
-140,78,-37
-141,79,-35
-150,79,-43
-156,78,-53
-159,77,-69
-154,79,-86
-156,85,-92
-161,79,-103
-165,73,-106
-170,79,-124
-170,77,-127
-165,73,-135
-162,73,-135
-162,73,-133
-166,70,-141
-166,72,-141
-169,66,-150
-166,63,-148
-167,66,-142
-165,73,-142
-167,64,-138
-169,73,-135
-161,79,-134
-166,77,-132
-166,84,-129
-159,88,-122
-161,91,-127
-158,99,-118
-153,103,-118
-152,95,-120
-153,106,-121
-149,115,-126
-154,109,-122
-156,106,-121
-158,103,-114
-159,104,-108
-144,106,-90
-142,117,-73
-132,125,-55
-124,115,-51
-118,125,-50
-120,125,-40
-115,124,-39
-120,123,-45
-128,124,-49
-133,119,-58
-136,107,-62
-137,115,-73
-133,122,-61
-126,119,-49
-118,125,-40
-110,129,-27
-115,126,-32
-115,122,-39
-131,115,-58
-140,108,-65
-148,102,-88
-153,103,-90
-148,97,-84
-149,103,-87
-140,108,-73
-139,116,-55
-126,117,-49
-132,114,-50
-146,112,-70
-149,110,-85
-153,108,-92
-153,110,-104
-150,107,-105
-148,104,-98
-149,108,-97
-156,101,-97
-151,103,-109
-153,106,-116
-148,107,-122
-151,110,-118
-154,107,-115
-148,109,-100
-149,106,-90
-140,112,-73
-121,115,-51
-119,124,-39
-117,126,-44
-128,126,-56
-137,124,-77
-145,127,-98
-141,123,-115
-142,119,-114
-141,125,-105
-142,129,-106
-137,126,-75
-132,127,-76
-125,139,-74
-124,140,-70
-131,138,-90
-139,139,-103
-139,144,-120
-133,133,-121
-133,138,-133
-133,133,-126
-135,129,-126
-142,131,-118
-139,125,-122
-139,123,-120
-139,130,-132
-144,129,-140
-137,129,-150
-137,133,-150
-136,132,-148
-135,133,-138
-144,126,-128
-139,127,-96
-128,131,-73
-124,133,-58
-125,139,-62
-126,140,-73
-135,138,-92
-137,135,-128
-136,139,-151
-127,130,-151
-129,134,-153
-127,134,-156
-129,137,-151
-137,138,-157
-136,130,-139
-143,127,-122
-142,131,-102
-143,132,-100
-137,131,-106
-142,129,-121
-142,135,-138
-134,132,-153
-128,122,-157
-135,131,-154
-132,127,-161
-137,126,-152
-145,125,-144
-145,120,-134
-146,117,-133
-145,123,-144
-148,107,-163
-140,106,-169
-141,102,-185
-137,101,-183
-136,104,-194
-145,104,-185
-143,100,-180
-156,103,-159
-154,97,-144
-152,111,-122
-152,118,-117
-152,118,-120
-154,120,-110
-150,120,-103
-146,129,-109
-144,131,-102
-148,123,-105
-150,125,-120
-151,122,-135
-137,119,-164
-142,110,-176
-136,114,-185
-135,115,-181
-137,112,-174
-148,111,-161
-158,110,-140
-152,118,-122
-153,126,-106
-149,119,-102
-150,125,-98
-145,123,-103
-149,124,-99
-153,122,-104
-152,114,-120
-148,118,-141
-152,104,-148
-154,104,-144
-158,108,-133
-157,111,-110
-145,125,-86
-139,123,-71
-128,126,-63
-129,125,-67
-136,125,-57
-133,119,-53
-133,129,-61
-134,120,-55
-127,127,-62
-132,120,-64
-136,125,-62
-134,120,-62
-132,123,-59
-127,120,-59
-129,125,-52
-124,131,-44
-110,119,-25
-100,120,-16
-99,122,-13
-91,120,-11
-104,125,-14
-111,123,-28
-128,115,-51
-139,123,-52
-136,120,-62
-133,117,-63
-128,119,-46
-123,116,-35
-119,115,-25
-110,110,-10
-104,114,-14
-103,115,-10
-117,115,-15
-116,116,-23
-128,110,-37
-128,108,-39
-123,111,-33
-118,114,-31
-112,112,-25
-109,116,-11
-95,109,-4
-93,109,-4
-97,109,6
-107,118,-9
-107,111,-14
-117,115,-20
-119,115,-27
-117,117,-17
-111,114,-21
-105,112,-3
-99,112,0
-86,111,6
-86,104,10
-87,106,12
-80,108,12
-79,107,15
-81,102,15
-81,104,20
-78,99,19
-79,93,30
-67,85,33
-60,87,28
-50,79,37
-39,73,38
-43,77,46
-46,80,38
-37,78,43
-37,69,48
-35,71,43
-37,71,40
-38,70,39
-51,69,43
-72,74,34
-89,85,16
-101,80,19
-103,87,9
-104,84,8
-100,91,6
-95,79,20
-81,84,25
-63,86,32
-63,88,34
-71,87,21
-80,94,14
-87,99,9
-93,104,8
-102,111,-7
-110,110,-20
-107,107,-11
-103,112,-5
-102,104,-11
-99,103,0
-88,107,6
-91,102,13
-102,104,1
-108,110,-13
-127,116,-23
-126,108,-39
-124,119,-37
-126,119,-41
-134,123,-45
-131,122,-46
-133,126,-56
-131,124,-63
-133,131,-63
-132,127,-67
-131,124,-65
-132,123,-64
-134,125,-64
-141,125,-64
-134,125,-59
-134,114,-52
-128,117,-39
-120,114,-43
-123,114,-33
-116,114,-19
-103,119,-3
-86,111,3
-76,115,7
-72,111,8
-80,112,12
-99,119,-10
-113,120,-21
-125,118,-35
-128,119,-39
-127,116,-45
-121,119,-34
-113,116,-31
-116,120,-21
-111,118,-19
-110,129,-15
-115,126,-27
-110,124,-29
-111,120,-33
-131,122,-41
-131,117,-46
-133,117,-53
-139,116,-67
-141,116,-69
-142,119,-65
-140,117,-68
-144,119,-80
-143,116,-81
-146,122,-90
-144,122,-97
-144,119,-104
-146,119,-106
-146,119,-121
-151,117,-126
-148,116,-127
-146,115,-133
-144,119,-140
-137,115,-152
-142,124,-145
-136,120,-151
-132,130,-148
-136,123,-148
-140,122,-150
-139,123,-151
-127,127,-148
-129,132,-151
-119,135,-154
-123,134,-153
-126,138,-150
-132,134,-141
-135,135,-135
-141,137,-134
-135,131,-133
-137,133,-133
-132,139,-127
-133,133,-130
-136,130,-127
-133,124,-121
-146,129,-130
-139,130,-115
-143,127,-110
-142,126,-118
-142,124,-114
-143,120,-103
-148,123,-98
-143,120,-84
-150,114,-81
-150,116,-81
-146,115,-82
-144,110,-63
-137,115,-53
-136,104,-35
-133,103,-34
-125,102,-21
-115,106,-17
-120,93,1
-121,82,0
-127,79,3
-127,74,3
-126,73,0
-136,70,-7
-129,67,-4
-143,67,-9
-148,63,-16
-149,62,-20
-162,64,-39
-168,67,-55
-168,79,-86
-168,84,-120
-168,88,-136
-165,96,-150
-152,100,-165
-149,101,-179
-143,111,-182
-146,99,-171
-144,99,-164
-154,107,-156
-148,111,-156
-151,110,-138
-150,114,-129
-149,117,-104
-148,114,-93
-146,124,-85
-145,120,-86
-145,118,-88
-151,117,-109
-149,115,-138
-150,114,-168
-131,115,-174
-133,112,-179
-143,107,-170
-149,101,-147
-158,101,-111
-153,103,-82
-148,104,-59
-146,108,-63
-146,103,-61
-144,108,-61
-148,107,-76
-160,108,-87
-159,102,-129
-148,104,-165
-126,99,-191
-109,102,-211
-116,107,-201
-134,100,-197
-134,107,-170
-150,100,-151
-145,107,-132
-152,116,-124
-143,114,-117
-145,116,-117
-149,117,-133
-151,112,-152
-137,115,-171
-125,116,-189
-112,117,-205
-112,115,-193
-132,118,-175
-144,108,-147
-150,109,-115
-146,112,-97
-145,116,-91
-151,122,-99
-148,114,-112
-150,116,-136
-141,111,-173
-117,108,-207
-95,116,-223
-83,119,-229
-85,117,-219
-102,114,-206
-126,108,-195
-142,115,-164
-145,114,-146
-143,123,-136
-146,117,-123
-144,124,-116
-144,122,-121
-144,124,-121
-140,126,-142
-128,129,-176
-107,125,-204
-76,122,-222
-66,132,-225
-79,132,-216
-81,127,-213
-99,135,-205
-102,132,-197
-92,133,-200
-79,139,-213
-60,140,-227
-30,142,-227
-13,146,-233
4,140,-234
-10,145,-244
-18,139,-238
-20,134,-238
-31,134,-240
-36,137,-235
-72,139,-218
-84,137,-213
-94,140,-200
-97,146,-199
-88,139,-204
-94,140,-207
-81,141,-216
-78,135,-224
-70,137,-223
-79,134,-221
-87,135,-210
-102,137,-204
-116,132,-180
-128,140,-157
-128,142,-135
-128,142,-126
-133,142,-123
-131,138,-126
-128,140,-154
-120,137,-175
-91,137,-213
-58,133,-236
-48,138,-231
-45,134,-233
-62,142,-219
-85,140,-210
-113,134,-182
-129,130,-168
-133,129,-152
-132,139,-161
-134,137,-161
-124,133,-174
-104,132,-204
-89,135,-215
-77,132,-221
-71,131,-217
-87,126,-215
-109,127,-199
-139,127,-148
-143,123,-132
-135,131,-126
-142,124,-138
-137,129,-147
-127,127,-170
-132,127,-185
-117,131,-193
-81,123,-218
-71,129,-224
-72,130,-223
-93,125,-211
-118,111,-194
-142,115,-169
-145,114,-148
-151,112,-140
-150,111,-134
-154,107,-136
-154,95,-129
-159,91,-124
-160,96,-111
-164,88,-122
-160,82,-138
-152,86,-158
-145,93,-182
-141,91,-177
-146,85,-179
-149,82,-169
-160,89,-142
-165,89,-123
-161,81,-96
-162,87,-77
-157,79,-74
-168,84,-74
-167,76,-85
-166,72,-88
-177,63,-112
-174,53,-123
-178,43,-121
-177,42,-115
-175,24,-93
-169,18,-58
-165,13,-39
-156,16,-32
-156,11,-29
-137,6,-13
-144,4,-10
-129,3,6
-118,1,10
-112,-7,14
-112,-17,12
-110,-19,12
-116,-27,8
-113,-39,8
-113,-43,1
-110,-51,-5
-107,-59,-7
-111,-66,-14
-116,-66,-16
-115,-70,-17
-119,-70,-27
-123,-73,-33
-129,-82,-50
-133,-72,-58
-149,-65,-85
-152,-64,-98
-148,-59,-96
-150,-57,-103
-156,-49,-106
-168,-43,-105
-166,-41,-112
-165,-35,-126
-164,-27,-129
-162,-26,-142
-161,-22,-141
-166,-11,-146
-167,-5,-152
-160,2,-164
-165,-3,-162
-161,8,-161
-158,0,-152
-167,13,-154
-169,11,-152
-168,10,-139
-173,3,-129
-178,-3,-123
-176,-3,-102
-170,-13,-91
-162,-19,-80
-165,-35,-70
-160,-47,-68
-144,-56,-61
-145,-66,-69
-146,-65,-75
-148,-62,-86
-156,-63,-106
-167,-49,-128
-158,-44,-150
-161,-32,-158
-161,-27,-156
-162,-26,-159
-166,-20,-148
-174,-17,-118
-180,-15,-93
-172,-12,-80
-169,2,-70
-172,-3,-75
-173,1,-93
-177,3,-127
-146,4,-183
-120,5,-221
-116,3,-233
-126,0,-227
-141,-9,-204
-153,-12,-179
-161,-13,-148
-173,-11,-136
-170,-6,-129
-174,-5,-133
-173,-9,-151
-166,-11,-168
-148,-18,-187
-134,-11,-201
-131,-14,-207
-129,-29,-211
-127,-22,-225
-116,-25,-225
-107,-25,-225
-102,-34,-240
-99,-42,-234
-88,-39,-230
-94,-42,-236
-84,-39,-242
-80,-44,-236
-84,-43,-245
-76,-42,-246
-81,-41,-245
-80,-35,-246
-80,-37,-246
-84,-41,-242
-81,-41,-238
-78,-47,-236
-86,-41,-240
-75,-43,-240
-79,-36,-242
-73,-47,-248
-69,-44,-241
-68,-48,-242
-70,-48,-250
-71,-51,-241
-67,-49,-244
-72,-50,-245
-76,-47,-244
-71,-47,-244
-70,-48,-238
-64,-44,-244
-69,-47,-244
-73,-49,-246
-72,-48,-250
-63,-48,-245
-59,-48,-245
-66,-50,-242
-69,-56,-244
-69,-49,-246
-64,-54,-246
-71,-56,-241
-75,-57,-245
