41,115,62
70,86,64
94,65,56
98,47,47
104,57,38
82,76,37
69,99,39
58,112,56
42,117,58
41,124,57
26,126,65
13,135,70
-4,142,74
-11,140,67
-9,153,58
-2,149,52
-4,151,34
-3,157,28
-16,168,14
-31,174,-4
-52,171,-24
-58,174,-28
-71,167,-46
-81,171,-52
-85,156,-70
-89,154,-86
-90,146,-102
-95,139,-109
-92,130,-113
-91,122,-126
-86,121,-123
-78,118,-131
-69,104,-143
-60,91,-152
-49,70,-169
-34,51,-172
-36,36,-175
-29,16,-176
-20,-4,-171
-8,-17,-169
3,-26,-164
15,-43,-153
29,-43,-135
47,-54,-123
69,-57,-99
79,-56,-72
90,-47,-56
102,-31,-30
107,-21,0
102,-4,22
93,5,50
78,9,58
73,22,79
67,29,91
63,41,83
59,57,85
56,78,72
53,94,63
58,108,39
60,114,16
54,120,-13
49,121,-48
38,117,-73
17,114,-97
3,104,-119
-13,93,-136
-33,82,-145
-44,64,-162
-62,46,-176
-70,29,-175
-76,12,-180
-74,-9,-179
-69,-31,-176
-55,-40,-180
-39,-54,-163
-22,-62,-152
-4,-69,-155
22,-75,-139
43,-71,-122
57,-51,-107
78,-36,-90
88,-17,-82
96,-5,-64
103,11,-55
96,29,-45
97,43,-51
85,58,-62
76,69,-73
65,76,-88
47,74,-104
26,81,-123
3,77,-138
-14,78,-153
-42,68,-157
-61,67,-167
-78,59,-173
-105,41,-171
-115,24,-175
-127,7,-183
-118,-13,-169
-117,-36,-170
-113,-54,-177
-95,-66,-165
-72,-77,-167
-39,-77,-163
-16,-77,-156
15,-59,-144
36,-44,-131
52,-24,-126
67,-9,-113
73,11,-104
73,33,-97
73,47,-97
68,64,-100
56,78,-104
35,87,-113
20,87,-123
-11,95,-126
-34,101,-149
-68,94,-153
-89,88,-152
-120,70,-159
-147,52,-155
-160,42,-158
-181,21,-145
-181,-2,-145
-184,-12,-142
-187,-30,-139
-177,-35,-145
-161,-51,-145
-146,-68,-158
-115,-79,-153
-88,-88,-160
-60,-89,-150
-29,-71,-152
10,-60,-147
29,-39,-142
47,-16,-130
62,13,-113
65,33,-109
65,56,-97
62,69,-104
50,77,-105
33,85,-109
16,100,-117
-14,105,-125
-32,110,-139
-66,108,-137
-91,111,-138
-114,111,-131
-145,97,-136
-169,87,-123
-180,74,-120
-194,59,-119
-209,42,-118
-219,30,-110
-218,9,-113
-214,-7,-109
-206,-22,-117
-192,-31,-129
-170,-47,-145
-136,-65,-150
-107,-65,-157
-77,-68,-158
-39,-61,-163
-8,-38,-159
16,-13,-152
24,13,-144
32,34,-138
26,60,-132
13,83,-130
-13,91,-136
-33,95,-140
-45,92,-142
-76,91,-147
-96,77,-150
-94,66,-164
-109,46,-171
-96,28,-169
-74,11,-177
-57,2,-167
-34,2,-167
-8,7,-164
5,21,-155
4,31,-151
3,52,-145
-5,72,-144
-25,90,-142
-48,96,-142
-57,103,-137
-83,108,-135
-111,106,-136
-138,97,-131
-160,85,-130
-169,67,-137
-177,43,-131
-179,25,-140
-177,5,-140
-162,-21,-153
-136,-35,-157
-113,-39,-170
-78,-47,-171
-41,-41,-170
-15,-22,-166
5,-2,-152
22,27,-149
22,49,-146
14,66,-138
13,76,-135
-4,86,-140
-18,92,-139
-27,96,-149
-59,92,-146
-88,83,-156
-114,75,-157
-134,73,-164
-151,49,-165
-164,38,-156
-173,9,-158
-179,-8,-150
-172,-26,-150
-156,-53,-152
-142,-68,-153
-115,-90,-144
-96,-110,-140
-73,-121,-129
-44,-125,-112
-14,-133,-111
17,-126,-80
48,-107,-65
73,-88,-40
90,-71,-6
89,-50,23
85,-34,58
67,-23,87
53,-18,103
31,-14,124
17,-14,126
-3,-25,138
-21,-32,141
-27,-39,148
-34,-39,150
-44,-47,146
-59,-57,148
-71,-42,154
-79,-52,148
-91,-53,151
-98,-49,154
-106,-50,150
-116,-49,146
-115,-45,152
-115,-41,148
-119,-45,138
-117,-50,141
-100,-53,146
-94,-53,151
-63,-52,150
-32,-34,143
0,-16,141
29,6,126
48,19,116
69,40,84
78,45,61
89,54,28
88,50,1
88,64,-23
91,60,-43
87,63,-69
67,60,-88
57,55,-107
43,48,-122
25,32,-136
15,24,-151
-6,21,-164
-11,12,-162
-26,-4,-166
-29,-17,-173
-26,-35,-171
-20,-53,-171
-4,-65,-157
11,-75,-149
31,-81,-135
56,-79,-106
76,-72,-83
95,-58,-60
107,-30,-24
107,-12,2
100,20,35
90,46,55
77,64,62
59,91,67
32,122,59
-3,148,51
-26,167,36
-44,174,17
-58,176,-9
-50,168,-31
-36,162,-57
-17,154,-75
-7,148,-85
-8,147,-79
-9,155,-78
-18,157,-78
-22,167,-63
-37,165,-44
-58,172,-30
-85,178,-23
-106,168,-15
-129,160,3
-155,155,4
-172,138,8
-192,129,10
-209,112,9
-222,94,0
-230,93,-6
-226,93,-9
-222,99,-15
-228,91,-18
-225,94,-24
-225,99,-29
-211,103,-33
-193,119,-43
-174,138,-51
-152,149,-63
-136,151,-70
-129,149,-79
-126,141,-95
-126,146,-88
-132,147,-89
-129,147,-89
-133,146,-90
-129,142,-89
-127,138,-100
-125,127,-107
-114,124,-129
-114,115,-136
-106,96,-146
-101,85,-153
-106,76,-158
-119,47,-165
-133,13,-170
-148,-14,-170
-162,-21,-163
-165,-33,-159
-175,-41,-151
-190,-47,-145
-197,-47,-147
-203,-49,-133
-203,-40,-138
-198,-34,-139
-199,-35,-147
-183,-20,-159
-174,7,-162
-172,34,-162
-179,59,-140
-184,78,-127
-170,95,-122
-170,106,-115
-171,117,-88
-166,137,-66
-168,138,-37
-154,145,-4
-108,137,87
-98,124,102
-82,111,116
-62,104,121
-58,88,132
-48,74,145
-33,59,149
-22,25,158
-8,1,156
-4,-33,151
4,-52,143
7,-78,142
8,-84,131
17,-90,122
25,-94,118
34,-101,102
35,-106,98
35,-108,79
43,-119,78
44,-122,65
53,-120,61
54,-112,55
69,-102,49
75,-87,43
89,-70,37
105,-50,21
107,-43,14
105,-34,4
109,-23,-12
112,-7,-12
108,14,-20
107,33,-43
100,42,-43
95,52,-51
94,58,-57
88,59,-60
87,63,-78
78,60,-88
75,70,-86
68,79,-84
60,96,-88
54,100,-91
47,105,-90
34,111,-86
28,127,-79
16,136,-82
1,151,-60
-21,164,-50
-44,169,-37
-68,162,-24
-88,171,-12
-110,171,2
-125,160,24
-128,153,28
-143,147,48
-146,137,65
-142,135,79
-126,128,94
-105,122,106
-89,129,106
-67,131,99
-46,124,102
-18,130,96
12,109,97
32,104,95
44,92,94
58,74,91
76,65,87
93,48,69
97,32,69
104,19,59
108,14,55
106,7,43
108,-6,36
113,-11,29
113,-24,29
107,-34,37
107,-41,42
100,-57,39
87,-63,47
81,-85,45
67,-93,37
59,-110,52
35,-126,51
19,-139,52
4,-149,61
-23,-156,68
-52,-156,79
-95,-153,87
-131,-142,89
-170,-125,90
-201,-105,78
-225,-79,72
-245,-41,54
-257,-4,34
-251,39,8
-238,60,-12
-220,85,-38
-197,102,-58
-175,114,-85
-147,118,-103
-123,120,-107
-110,117,-120
-99,119,-120
-83,114,-132
-77,105,-142
-69,100,-136
-61,105,-144
-63,96,-149
-53,93,-150
-51,93,-155
-42,91,-157
-43,85,-151
-36,94,-153
-42,100,-143
-45,114,-137
-58,124,-133
-62,133,-103
-83,157,-76
-101,162,-45
-125,158,-9
-144,139,42
-156,124,71
-157,96,105
-161,70,135
-148,42,155
-126,11,169
-98,-24,172
-63,-39,174
-33,-58,172
-14,-68,157
1,-69,146
13,-77,141
28,-85,128
32,-87,121
36,-87,118
42,-86,117
26,-90,122
12,-92,130
-16,-95,134
-36,-95,150
-62,-92,149
-80,-83,163
-98,-71,161
-107,-53,161
-111,-35,163
-117,-18,171
-106,-9,166
-92,0,171
-86,11,176
-68,15,171
-54,15,183
-31,16,168
-9,13,159
22,9,155
44,2,136
73,-5,117
78,-16,98
90,-22,85
95,-29,88
90,-33,76
89,-34,79
94,-18,77
93,-15,71
104,-6,62
108,-4,52
114,0,47
114,2,32
116,2,32
119,-6,27
119,-11,22
123,-18,18
117,-17,19
109,-32,23
108,-33,24
102,-47,48
89,-59,58
77,-62,90
43,-65,114
8,-61,138
-26,-49,154
-57,-36,159
-94,-20,163
-119,-7,166
-150,12,144
-172,16,135
-192,30,114
-207,45,101
-203,66,83
-203,82,67
-198,99,51
-182,117,42
-165,131,27
-146,132,23
-132,145,34
-122,144,39
-99,146,65
-78,142,69
-53,138,76
-30,128,94
-3,114,91
21,113,83
42,103,82
51,96,72
70,82,64
82,65,61
95,50,57
95,23,64
100,2,63
105,-21,68
96,-27,63
96,-34,72
85,-50,72
78,-54,89
77,-60,97
57,-69,102
54,-69,116
40,-70,122
21,-80,130
8,-75,148
-3,-75,143
-9,-68,159
-6,-65,161
-13,-58,154
-6,-56,158
1,-56,151
8,-45,152
-4,-53,158
-13,-56,156
-24,-58,154
-46,-67,161
-64,-69,156
-96,-71,156
-129,-78,149
-171,-84,134
-194,-78,111
-222,-66,89
-236,-63,72
-243,-59,61
-246,-58,45
-245,-75,44
-245,-81,35
-233,-89,34
-233,-96,29
-231,-97,28
-236,-111,18
-237,-116,10
-230,-114,10
-235,-114,10
-235,-119,-6
-228,-123,-6
-215,-125,-16
-212,-137,-28
-194,-148,-32
-171,-167,-50
-133,-171,-55
-103,-179,-60
-73,-184,-56
-54,-176,-59
-45,-174,-55
-32,-169,-52
-24,-168,-58
-8,-164,-63
4,-160,-59
10,-148,-63
21,-150,-49
29,-147,-48
31,-147,-40
40,-144,-38
40,-140,-24
47,-135,-19
56,-131,-8
61,-134,-2
58,-124,21
65,-108,32
60,-108,44
63,-107,55
61,-112,59
39,-121,59
25,-134,59
4,-149,63
-18,-160,70
-30,-160,82
-44,-155,83
-55,-148,99
-67,-132,128
-82,-103,144
-99,-61,159
-111,-26,168
-127,-2,172
-140,22,157
-151,27,148
-164,38,152
-159,30,151
-169,31,145
-172,34,142
-177,28,137
-181,34,139
-189,24,131
-193,27,134
-190,21,135
-194,19,137
-183,16,142
-177,16,149
-162,13,148
-133,15,162
-104,0,169
-76,-17,168
-44,-31,158
-16,-48,150
11,-61,143
25,-85,111
28,-107,88
26,-124,63
29,-138,42
25,-148,15
13,-151,-5
-3,-165,-26
-6,-166,-32
-11,-168,-35
4,-167,-36
11,-160,-29
21,-152,-13
35,-140,-3
51,-129,16
67,-102,25
77,-83,50
73,-72,70
66,-49,88
44,-30,110
32,-20,128
6,-14,145
-20,-2,154
-52,2,164
-80,3,165
-108,9,169
-128,13,159
-155,22,145
-173,22,141
-183,25,142
-191,29,131
-191,31,129
-202,29,122
-200,31,115
-193,33,122
-190,39,123
-171,51,134
-140,47,141
-114,43,151
-73,32,168
-53,7,163
-25,-14,162
-4,-42,154
13,-52,145
16,-69,123
24,-79,117
34,-67,116
40,-48,108
44,-25,117
38,0,122
14,25,135
-12,47,148
-49,68,144
-90,78,138
-114,82,135
-132,86,125
-144,85,124
-136,86,121
-142,87,124
-134,88,123
-118,88,123
-80,86,135
-50,63,150
-20,7,163
-4,-49,149
4,-102,124
-5,-120,112
-14,-131,103
-11,-143,88
-8,-146,85
-16,-153,68
-25,-162,65
-17,-155,64
-3,-149,70
13,-131,87
25,-98,97
17,-79,124
-6,-56,135
-26,-38,154
-49,-35,158
-60,-31,163
-72,-23,166
-91,-26,165
-115,-18,166
-138,-20,156
-162,-5,152
-184,6,138
-202,15,126
-220,18,110
-224,21,97
-237,19,81
-244,19,67
-246,14,57
-262,7,50
-261,2,28
-265,0,18
-265,-7,14
-268,-17,-2
-264,-13,-9
-267,-21,-15
-270,-25,-24
-267,-32,-24
-268,-26,-32
-265,-30,-22
-263,-14,-17
-267,-12,-17
-263,4,-8
-261,13,2
-243,38,21
-228,61,50
-200,81,77
-180,85,98
-154,91,111
-137,76,126
-104,78,141
-73,73,142
-40,61,151
-9,51,141
29,42,122
65,29,94
97,-4,62
108,-26,22
98,-68,4
93,-94,-4
69,-113,-15
57,-130,-13
44,-147,-15
25,-155,-4
8,-160,-8
-9,-169,-5
-18,-176,0
-25,-176,2
-13,-170,1
-5,-171,11
4,-167,21
8,-158,39
10,-155,52
6,-144,72
11,-135,87
5,-116,109
-14,-95,126
-27,-84,136
-31,-65,161
-57,-41,159
-78,-20,163
-100,1,168
-117,20,164
-128,33,155
-143,48,149
-145,50,142
-144,54,136
-128,76,136
-108,87,129
-85,95,137
-48,99,129
-17,106,118
22,96,96
54,75,76
78,60,58
102,39,34
113,7,10
104,-13,-13
99,-42,-44
87,-61,-52
75,-78,-65
54,-101,-72
43,-112,-70
34,-123,-68
24,-135,-66
15,-144,-55
14,-150,-42
5,-152,-35
2,-162,-19
2,-156,-10
-3,-165,21
-8,-166,34
-15,-161,48
-25,-158,65
-24,-155,76
-27,-140,89
-41,-133,103
-55,-123,125
-59,-111,138
-66,-86,148
-78,-67,154
-88,-39,166
-97,-16,169
-95,2,169
-105,21,161
-113,38,159
-111,50,146
-105,61,146
-105,70,139
-90,72,138
-87,86,135
-73,93,132
-48,103,117
-32,103,108
2,110,94
25,97,90
54,82,74
72,66,55
91,49,28
102,32,10
109,15,-24
102,-11,-39
97,-35,-58
72,-56,-75
58,-75,-95
34,-89,-112
28,-96,-117
-14,-99,-123
-29,-107,-126
-45,-113,-130
-54,-115,-132
-78,-123,-129
-80,-128,-122
-80,-128,-119
-70,-135,-113
-63,-144,-97
-45,-158,-80
-37,-170,-56
-27,-167,-31
-14,-171,-10
0,-158,23
20,-144,37
31,-126,49
47,-111,47
58,-104,28
54,-114,3
21,-146,-28
-7,-158,-38
-21,-160,-45
-18,-167,-45
-15,-168,-30
-7,-160,-10
19,-150,27
38,-120,47
49,-97,68
48,-89,76
57,-89,74
47,-111,54
25,-134,34
8,-153,11
-13,-168,-4
-30,-174,-17
-39,-174,-24
-42,-184,-13
-34,-176,14
-33,-168,45
-32,-151,72
-20,-132,102
-21,-106,129
-23,-90,134
-24,-78,142
-22,-69,149
-12,-59,143
3,-62,142
20,-66,134
36,-67,118
57,-71,92
67,-79,68
73,-93,37
71,-104,11
60,-117,-17
48,-125,-39
36,-137,-44
30,-134,-37
32,-143,-30
30,-146,-11
23,-155,8
15,-144,35
12,-134,62
7,-119,83
7,-105,102
5,-92,118
3,-78,125
10,-65,130
20,-52,129
35,-54,126
45,-49,109
62,-61,96
71,-72,70
68,-89,55
60,-102,49
54,-110,45
38,-120,51
28,-130,55
16,-132,74
-8,-128,97
-18,-104,126
-30,-88,141
-45,-72,152
-49,-56,154
-46,-38,161
-35,-33,161
-23,-27,155
5,-26,144
21,-29,139
43,-35,116
56,-52,105
60,-66,82
57,-83,74
57,-92,69
45,-98,71
22,-115,84
10,-123,95
-11,-116,111
-36,-102,134
-57,-95,145
-77,-88,157
-92,-75,157
-115,-54,166
-137,-36,164
-147,-17,163
-160,2,162
-153,22,152
-152,48,151
-150,55,151
-145,57,142
-133,69,134
-115,67,143
-106,76,148
-83,74,141
-66,78,141
-46,86,128
-15,79,128
3,73,114
33,72,101
51,56,96
69,31,82
87,11,65
90,-15,57
95,-40,34
91,-66,14
81,-85,5
68,-103,-2
59,-116,-11
47,-124,-15
32,-137,-4
29,-144,-3
11,-153,18
0,-158,32
-13,-155,48
-20,-148,76
-24,-134,102
-32,-117,117
-40,-101,142
-36,-77,145
-32,-61,150
-25,-39,150
8,-36,143
31,-25,129
49,-32,112
69,-45,87
85,-57,68
84,-65,29
77,-87,5
53,-111,-29
38,-122,-55
23,-128,-70
19,-130,-72
16,-132,-65
31,-138,-50
49,-124,-17
70,-96,34
73,-61,54
75,-47,64
85,-39,61
86,-65,36
65,-99,2
38,-129,-36
13,-129,-66
-3,-131,-90
-22,-119,-110
-33,-119,-115
-31,-119,-115
-13,-116,-107
10,-128,-96
25,-128,-68
39,-128,-39
47,-120,-3
45,-121,24
45,-116,50
32,-112,76
22,-111,96
-5,-99,122
-29,-87,132
-42,-74,154
-60,-53,161
-68,-34,162
-76,-17,165
-71,1,158
-67,19,163
-66,31,155
-54,51,150
-39,60,143
-21,76,141
0,81,126
15,87,105
40,87,89
57,86,64
70,88,50
84,66,19
102,55,-4
107,29,-24
98,6,-57
81,-6,-82
65,-27,-104
40,-36,-130
23,-49,-140
-2,-49,-155
-26,-42,-164
-46,-47,-164
-62,-44,-169
-77,-45,-158
-78,-40,-169
-81,-39,-172
-92,-34,-172
-89,-31,-171
-86,-34,-167
-86,-36,-170
-72,-48,-163
-66,-48,-167
-45,-70,-156
-33,-87,-145
-25,-117,-123
-17,-128,-107
-3,-133,-92
8,-140,-73
10,-139,-70
16,-134,-68
24,-131,-78
12,-128,-91
0,-104,-118
-13,-92,-133
-22,-85,-145
-41,-79,-158
-61,-68,-158
-73,-60,-164
-83,-54,-167
-97,-52,-165
-104,-48,-163
-109,-53,-164
-125,-53,-155
-133,-57,-160
-133,-50,-156
-144,-52,-160
-147,-58,-147
-152,-58,-150
-157,-61,-151
-163,-65,-136
-162,-66,-137
-169,-63,-135
-169,-68,-130
-170,-80,-122
-168,-74,-131
-162,-79,-130
-148,-86,-137
-126,-95,-139
-101,-111,-137
-85,-107,-131
-58,-123,-131
-35,-123,-124
-13,-130,-119
8,-122,-104
21,-123,-91
38,-117,-71
48,-119,-46
56,-111,-31
54,-98,-16
70,-101,-4
72,-89,15
69,-86,23
68,-85,41
69,-77,58
63,-69,67
61,-74,74
59,-67,85
50,-67,102
41,-65,106
28,-53,118
19,-53,130
12,-47,132
-8,-47,142
-18,-36,150
-25,-36,162
-37,-26,161
-54,-18,155
-59,-23,162
-67,-11,163
-72,-3,166
-74,4,166
-71,10,163
-79,24,162
-77,33,162
-79,45,164
-71,61,146
-52,67,141
-44,79,135
-35,100,118
-31,109,109
-26,120,95
-27,128,87
-30,135,72
-31,145,59
-21,150,51
-27,153,39
-17,147,34
-16,150,18
-6,151,5
-2,147,-4
12,149,-16
12,145,-32
19,136,-44
22,130,-55
25,124,-72
31,117,-92
30,93,-110
33,76,-130
20,47,-142
11,24,-149
-4,-2,-162
-23,-27,-165
-45,-48,-165
-64,-76,-152
-86,-97,-151
-105,-103,-136
-131,-120,-120
-140,-117,-118
-152,-121,-105
-147,-121,-110
-148,-117,-118
-147,-110,-119
-141,-119,-124
-144,-113,-123
-137,-113,-127
-122,-102,-137
-94,-83,-152
-68,-50,-167
-52,-25,-175
-52,-3,-172
-55,-4,-178
-62,1,-178
-71,-15,-176
-98,-53,-164
-115,-81,-153
-124,-104,-132
-133,-113,-123
-124,-115,-120
-127,-119,-129
-116,-110,-136
-100,-103,-143
-96,-98,-150
-81,-86,-153
-78,-76,-164
-83,-77,-160
-88,-75,-153
-99,-86,-151
-111,-101,-145
-131,-115,-125
-151,-124,-109
-160,-126,-102
-161,-125,-96
-168,-123,-91
-171,-129,-97
-152,-123,-110
-136,-114,-124
-115,-102,-146
-92,-72,-165
-72,-43,-175
-70,-36,-175
-63,-41,-170
-64,-58,-162
-68,-75,-160
-78,-89,-152
-87,-103,-129
-90,-122,-127
-99,-126,-125
-96,-137,-122
-98,-132,-122
-87,-141,-117
-83,-131,-116
-74,-140,-120
-54,-124,-120
-37,-128,-124
-26,-123,-122
-24,-123,-122
-17,-123,-112
-12,-126,-120
-18,-129,-109
-13,-125,-112
-12,-126,-106
-5,-135,-99
10,-132,-96
14,-134,-86
28,-125,-91
40,-120,-78
59,-103,-63
75,-87,-49
87,-75,-26
98,-50,2
104,-33,27
88,-24,52
80,-7,77
70,-4,106
45,-8,121
20,-5,136
1,-6,146
-6,-6,154
-31,-11,154
-52,-7,157
-81,-7,166
-107,1,165
-128,6,155
-144,22,150
-168,30,137
-180,49,124
-207,49,103
-221,50,81
-236,45,63
-245,36,54
-251,37,43
-253,28,34
-263,27,28
-264,19,12
-263,11,11
-265,9,2
-267,-3,7
-270,-12,2
-273,-15,5
-274,-14,7
-272,-16,-8
-264,-11,-28
-267,-14,-57
-256,-12,-80
-239,-6,-112
-218,6,-137
-199,1,-143
-192,-4,-157
-180,-5,-160
-175,-12,-167
-161,-13,-176
-136,-8,-180
-119,-7,-191
-111,-2,-190
-100,-2,-192
-90,-5,-193
-89,-6,-195
-82,-6,-190
-87,-6,-192
-92,-3,-189
-111,-13,-187
-129,-11,-183
-129,-4,-185
-142,2,-175
-146,-5,-170
-136,-6,-176
-140,-7,-177
-122,-14,-182
-90,-14,-189
-68,-14,-182
-45,-9,-189
-33,-6,-178
-15,3,-176
-7,6,-170
0,18,-165
4,22,-163
-3,36,-151
3,46,-159
10,50,-155
20,60,-142
39,75,-129
45,77,-110
56,92,-109
56,83,-97
59,86,-96
69,81,-92
73,76,-76
89,67,-62
97,68,-51
95,55,-53
99,48,-49
106,39,-53
104,28,-46
104,16,-37
113,12,-39
114,6,-38
117,-2,-42
113,1,-42
113,-17,-37
107,-18,-43
110,-15,-44
113,-13,-53
104,-6,-72
96,-9,-85
91,-12,-102
84,-11,-112
59,-33,-131
45,-47,-136
32,-53,-145
22,-66,-146
17,-77,-142
11,-81,-146
7,-87,-133
5,-92,-143
1,-92,-140
-12,-99,-144
-17,-112,-140
-34,-124,-127
-41,-135,-127
-49,-132,-131
-57,-129,-137
-72,-115,-144
-78,-116,-143
-87,-114,-147
-101,-117,-151
-108,-115,-137
-127,-112,-131
-145,-119,-131
-153,-115,-130
-171,-102,-120
-198,-90,-116
-209,-75,-102
-222,-70,-85
-227,-57,-71
-243,-52,-66
-239,-42,-72
-246,-38,-63
-246,-26,-56
-248,-22,-56
-253,-8,-49
-252,-3,-52
-252,13,-45
-247,18,-38
-248,16,-28
-248,19,-13
-254,29,-5
-249,24,14
-243,31,30
-242,30,45
-228,28,69
-224,25,81
-219,19,92
-208,10,99
-201,-20,116
-192,-56,121
-178,-102,115
-154,-125,92
-144,-142,98
-134,-143,88
-140,-144,87
-165,-137,74
-190,-116,76
-216,-84,75
-237,-47,67
-247,-14,61
-243,9,56
-240,13,51
-242,16,55
-239,-2,57
-243,-27,61
-229,-72,63
-214,-115,54
-180,-147,42
-157,-165,32
-152,-161,36
-177,-148,41
-203,-128,38
-217,-107,31
-240,-79,28
-251,-42,19
-254,-18,9
-256,-14,9
-252,-30,4
-240,-75,2
-214,-124,4
-179,-152,3
-154,-170,1
-141,-173,8
-168,-161,17
-206,-134,19
-234,-95,21
-252,-41,16
-258,2,11
-247,38,-10
-240,56,-12
-237,59,-25
-240,49,-17
-255,30,-11
-255,-20,8
-246,-71,19
-209,-126,32
-166,-162,35
-127,-168,38
-101,-174,47
-73,-173,52
-68,-171,49
-62,-170,50
-76,-166,55
-108,-162,56
-150,-150,62
-199,-123,48
-235,-85,43
-255,-33,19
-252,6,9
-249,29,0
-249,31,0
-248,-6,17
-244,-58,38
-209,-122,35
-168,-161,27
-106,-178,16
-74,-178,14
-67,-175,17
-80,-173,22
-117,-178,30
-163,-159,43
-205,-122,42
-243,-79,35
-256,-39,25
-259,-4,12
-259,10,1
-258,0,11
-256,-43,23
-229,-99,23
-177,-155,19
-107,-182,17
-57,-183,21
-32,-171,23
-25,-162,28
-37,-168,36
-55,-177,27
-80,-177,31
-107,-175,36
-152,-166,34
-201,-130,31
-238,-84,21
-259,-29,1
-254,29,-22
-238,67,-45
-207,94,-69
-187,112,-73
-162,119,-85
-159,122,-84
-170,113,-84
-198,92,-83
-224,55,-65
-240,-3,-59
-242,-69,-51
-215,-121,-39
-177,-159,-35
-137,-176,-24
-120,-173,-20
-129,-173,-13
-141,-170,-18
-185,-150,-25
-227,-106,-45
-246,-62,-68
-240,-18,-88
-224,19,-110
-207,47,-116
-187,65,-125
-179,88,-122
-184,76,-111
-201,59,-103
-225,27,-95
-235,-17,-86
-226,-71,-77
-193,-124,-71
-145,-164,-70
-98,-168,-70
-60,-173,-63
-39,-167,-59
-42,-168,-53
-54,-180,-55
-82,-170,-58
-122,-165,-64
-172,-137,-82
-215,-96,-96
-231,-23,-113
-207,42,-132
-175,90,-132
-129,111,-133
-101,114,-135
-90,114,-135
-89,111,-138
-95,114,-139
-110,101,-142
-133,90,-137
-173,63,-130
-215,10,-112
-219,-60,-93
-191,-117,-83
-148,-151,-83
-113,-160,-76
-78,-173,-72
-53,-161,-68
-57,-171,-66
-80,-164,-75
-107,-159,-75
-154,-139,-91
-184,-108,-109
-208,-58,-115
-209,9,-135
-181,52,-136
-136,95,-138
-94,106,-138
-58,111,-136
-39,114,-132
-31,104,-133
-17,100,-138
-25,96,-135
-39,103,-142
-132,91,-133
-182,60,-120
-212,-6,-105
-219,-67,-84
-190,-119,-93
-145,-148,-77
-107,-161,-75
-77,-169,-69
-48,-174,-73
-49,-159,-68
-61,-167,-66
-72,-162,-62
-94,-173,-60
-110,-162,-62
-137,-162,-59
-172,-150,-60
-205,-115,-62
-233,-71,-77
-239,-26,-89
-227,24,-99
-193,65,-113
-153,92,-130
-108,99,-137
-71,104,-136
-44,95,-133
-23,96,-137
-27,103,-135
-29,111,-131
-41,112,-132
-71,111,-129
-115,117,-118
-168,93,-100
-215,46,-84
-234,-14,-69
-239,-78,-49
-211,-126,-40
-179,-152,-30
-142,-171,-24
-101,-178,-3
-59,-183,-3
-33,-168,5
-17,-166,5
-4,-159,10
5,-155,17
14,-150,22
-3,-153,32
-24,-164,36
-51,-166,36
-91,-168,31
-142,-162,25
-193,-133,4
-231,-99,-15
-256,-45,-38
-245,9,-59
-224,55,-75
-181,95,-96
-135,119,-109
-103,122,-105
-92,132,-109
-105,131,-100
-116,131,-91
-142,128,-92
-179,109,-77
-218,69,-55
-247,9,-17
-254,-52,-3
-220,-117,11
-181,-152,22
-131,-176,25
-94,-179,36
-51,-175,38
-27,-160,49
-8,-155,57
-5,-142,58
1,-143,64
-3,-149,63
-12,-153,68
-43,-153,65
-90,-160,70
-150,-155,50
-206,-121,38
-247,-77,21
-261,-14,9
-246,41,-2
-225,78,-12
-201,115,-18
-173,128,-31
-162,139,-22
-164,132,-19
-170,133,-18
-190,122,-9
-218,90,14
-238,42,37
-244,-4,55
-231,-63,75
-202,-104,82
-155,-126,98
-123,-139,104
-94,-128,114
-69,-116,123
-46,-110,128
-31,-92,135
-27,-84,131
-18,-72,141
-24,-62,135
-31,-69,149
-42,-71,146
-58,-71,146
-82,-83,146
-118,-85,130
-164,-84,126
-199,-71,106
-233,-31,85
-226,3,69
-236,40,61
-225,51,54
-224,59,50
-212,73,50
-221,66,52
-227,63,58
-229,45,63
-230,3,67
-225,-52,87
-196,-95,94
-152,-121,104
-125,-121,116
-94,-112,128
-74,-93,134
-61,-75,143
-52,-59,148
-59,-54,152
-70,-50,152
-81,-50,152
-87,-51,154
-99,-57,152
-119,-59,148
-147,-58,132
-185,-42,121
-205,-9,101
-217,34,85
-206,64,74
-187,92,68
-171,96,72
-174,91,88
-184,60,103
-192,25,111
-188,-2,116
-182,-21,124
-164,-39,129
-144,-52,138
-120,-51,149
-108,-52,148
-101,-34,155
-100,-31,154
-100,-17,165
-109,-2,156
-122,4,157
-128,4,145
-135,15,145
-135,22,138
-144,18,138
-144,24,148
-141,32,142
-143,30,135
-137,27,141
-134,23,149
-138,7,144
-136,7,142
-138,3,132
-156,12,135
-154,21,128
-147,43,137
-144,29,141
-136,19,137
-136,23,142
-135,9,148
-129,-4,146
-124,-12,152
-117,-16,155
-107,-17,156
-105,-4,151
-120,-2,146
-137,11,150
-151,15,138
-164,15,131
-180,22,126
-187,24,119
-188,23,118
-191,24,115
-190,30,114
-188,32,111
-187,45,112
-179,46,114
-179,41,116
-173,42,119
-175,45,126
-177,48,118
-173,49,119
-152,57,130
-140,54,134
-128,54,138
-114,41,146
-101,42,145
-74,40,148
-50,38,150
-33,41,142
-26,39,139
-23,42,143
-34,47,141
-49,61,144
-73,64,142
-92,58,145
-113,58,145
-148,45,136
-162,29,138
-191,13,124
-207,-7,110
-220,-25,91
-236,-41,65
-240,-52,35
-251,-60,5
-247,-63,-31
-234,-54,-69
-220,-48,-92
-210,-35,-119
-192,-20,-129
-179,-13,-145
-175,6,-146
-166,24,-149
-171,45,-139
-166,58,-135
-183,75,-117
-197,77,-96
-200,85,-69
-219,77,-46
-222,67,-24
-235,61,8
-234,36,39
-229,20,68
-226,12,76
-216,-7,101
-208,-20,102
-209,-27,108
-207,-34,96
-215,-58,92
-224,-78,78
-227,-79,47
-229,-90,14
-227,-99,-19
-217,-107,-46
-197,-110,-75
-187,-104,-102
-166,-86,-123
-163,-67,-143
-151,-43,-156
-150,-20,-164
-154,1,-162
-164,18,-160
-183,25,-143
-206,30,-117
-214,38,-102
-228,32,-77
-240,18,-50
-247,0,-22
-251,-8,-2
-248,-33,22
-242,-44,34
-240,-57,37
-242,-67,29
-239,-74,10
-233,-85,-13
-228,-85,-46
-218,-86,-73
-200,-68,-102
-193,-61,-132
-175,-36,-144
-160,-14,-153
-142,6,-172
-140,24,-165
-141,43,-159
-142,51,-158
-160,65,-144
-159,70,-124
-172,82,-110
-172,91,-105
-175,99,-92
-166,112,-83
-150,124,-82
-133,130,-88
-122,126,-95
-115,123,-102
-108,114,-111
-104,119,-111
-98,106,-129
-73,97,-133
-54,74,-156
-31,57,-159
-9,54,-156
10,43,-147
23,32,-140
44,22,-127
65,22,-125
77,23,-112
88,12,-93
93,16,-82
108,3,-56
109,-7,-43
117,-13,-32
113,-22,-20
113,-29,-4
121,-32,4
110,-42,19
114,-34,21
113,-38,27
108,-38,27
115,-44,24
115,-35,31
107,-30,49
104,-31,64
82,-30,89
66,-22,114
58,-18,124
45,-15,132
32,-15,146
5,-17,156
-20,-11,165
-44,-26,177
-41,-27,176
-29,-33,163
-20,-24,165
-13,-13,156
-6,5,165
-5,6,155
5,19,154
-6,21,149
-35,46,158
-51,52,151
-64,59,154
-76,64,156
-71,64,151
-40,73,139
-3,65,141
25,41,132
41,12,132
56,-25,122
48,-53,118
5,-125,99
-21,-153,91
-53,-168,62
-96,-182,38
-131,-176,16
-163,-166,-9
-210,-137,-32
-225,-106,-36
-240,-93,-29
-233,-103,-28
-231,-111,-17
-226,-119,-23
-220,-120,-24
-199,-141,-18
-163,-173,-23
-92,-187,-26
-36,-180,-22
16,-157,-13
47,-135,-3
77,-98,12
98,-34,35
82,24,68
52,68,92
1,91,116
-60,104,123
-114,95,123
-157,85,115
-187,63,108
-194,59,97
-190,77,97
-177,82,97
-174,86,99
-141,102,111
-87,106,114
-15,106,118
52,59,102
85,6,72
89,-59,51
58,-113,23
7,-155,5
-45,-176,-10
-90,-178,-33
-142,-162,-48
-178,-140,-52
-202,-124,-50
-214,-108,-59
-211,-113,-57
-210,-121,-56
-202,-131,-57
-192,-139,-49
-172,-148,-58
-150,-170,-53
-100,-179,-49
-41,-176,-40
10,-157,-23
44,-142,-10
78,-95,9
96,-50,23
96,11,39
65,56,72
39,82,92
-5,101,108
-54,119,115
-97,112,105
-143,104,111
-156,93,102
-156,95,99
-145,100,97
-127,111,95
-86,114,98
-44,118,99
19,104,95
65,63,87
91,13,68
97,-40,48
77,-89,34
42,-135,14
0,-158,4
-35,-175,-16
-73,-179,-30
-96,-182,-35
-98,-177,-35
-97,-183,-36
-81,-185,-31
-49,-177,-37
-9,-167,-26
34,-141,-35
72,-98,-13
99,-51,3
95,-11,36
81,34,69
39,64,102
-4,79,121
-55,82,139
-107,70,144
-153,56,138
-182,42,129
-203,21,118
-215,7,116
-219,5,106
-226,-22,102
-235,-20,99
-240,-36,94
-237,-38,99
-237,-38,92
-245,-45,84
-245,-50,82
-242,-56,76
-246,-56,71
-255,-60,64
-257,-56,48
-259,-51,43
-266,-53,31
-267,-45,30
-270,-54,18
-273,-56,5
-268,-62,-11
-268,-60,-13
-270,-52,-12
-273,-47,-9
-275,-47,-4
-271,-40,8
-277,-40,10
-268,-38,36
-268,-42,43
-261,-34,68
-254,-48,70
-255,-38,83
-246,-42,95
-243,-43,101
-245,-39,101
-244,-38,90
-237,-40,90
-253,-42,90
-251,-38,88
-257,-31,76
-254,-32,70
-261,-34,63
-272,-41,54
-263,-32,47
-268,-33,50
-270,-34,35
-279,-36,25
-272,-27,21
-280,-40,-2
-268,-40,-28
-262,-40,-53
-258,-41,-78
-252,-36,-92
-245,-34,-97
-237,-33,-112
-220,-34,-125
-212,-38,-140
-198,-48,-139
-192,-51,-143
-196,-57,-144
-198,-52,-146
-201,-51,-145
-201,-51,-140
-202,-59,-135
-199,-69,-129
-198,-75,-135
-191,-79,-142
-193,-81,-139
-179,-85,-143
-174,-80,-138
-178,-95,-137
-182,-93,-123
-189,-88,-125
-203,-94,-119
-205,-84,-111
-211,-68,-111
-216,-48,-120
-211,-27,-120
-207,2,-132
-193,15,-130
-175,38,-142
-155,56,-146
-127,75,-157
-92,85,-151
-48,87,-146
-20,102,-136
16,91,-117
40,90,-113
60,76,-99
73,65,-95
73,51,-90
78,51,-83
81,43,-84
87,42,-85
81,48,-82
87,40,-85
81,50,-84
84,48,-89
78,51,-95
73,56,-99
62,63,-111
44,76,-120
16,68,-138
-11,66,-159
-33,57,-166
-53,37,-171
-71,14,-178
-81,-3,-177
-86,-16,-179
-83,-30,-179
-83,-39,-177
-73,-38,-176
-55,-20,-180
-41,6,-184
-17,41,-171
5,64,-155
15,69,-142
16,73,-140
6,76,-146
-14,74,-156
-39,51,-165
-68,20,-172
-77,-21,-182
-80,-35,-178
-83,-25,-184
-86,6,-184
-74,42,-182
-60,59,-166
-45,74,-160
-52,78,-158
-71,68,-157
-92,51,-170
-120,37,-169
-133,11,-170
-143,-8,-173
-157,-5,-160
-165,28,-164
-157,58,-149
-134,82,-145
-129,93,-143
-132,88,-136
-144,83,-130
-173,76,-135
-198,47,-118
-210,5,-115
-205,-48,-111
-198,-79,-113
-199,-92,-107
-209,-66,-109
-234,-25,-97
-227,24,-97
-211,63,-104
-198,85,-102
-181,93,-100
-182,94,-99
-180,92,-95
-198,74,-92
-219,34,-89
-237,-22,-79
-230,-87,-65
-216,-113,-50
-224,-123,-35
-239,-87,-37
-247,-57,-31
-255,-8,-30
-245,31,-45
-228,61,-60
-216,76,-69
-203,91,-82
-200,87,-83
-206,75,-84
-228,39,-75
-240,-23,-71
-225,-90,-66
-200,-138,-43
-180,-149,-33
-184,-142,-33
-205,-120,-52
-238,-84,-66
-249,-9,-69
-229,49,-80
-194,88,-82
-170,111,-91
-140,126,-95
-107,136,-93
-70,144,-102
-39,137,-104
-9,128,-106
12,113,-112
16,97,-119
31,90,-123
30,84,-133
20,74,-144
14,68,-147
8,69,-146
-3,69,-160
-6,73,-159
-34,67,-167
-57,51,-175
-85,34,-176
-111,1,-180
-150,-42,-164
-166,-72,-137
-171,-102,-130
-170,-119,-110
-169,-126,-99
-177,-119,-117
-185,-87,-124
-181,-42,-147
-165,21,-162
-134,52,-164
-124,69,-158
-114,77,-155
-115,85,-146
-108,92,-146
-124,96,-142
-151,99,-123
-188,104,-93
-218,87,-50
-243,60,2
-244,10,50
-233,-44,92
-184,-106,94
-127,-143,92
-76,-159,88
-43,-153,75
-21,-151,68
-15,-146,64
-24,-164,69
-53,-161,64
-101,-165,63
-157,-147,61
-206,-116,59
-225,-70,70
-217,-47,97
-191,-54,112
-177,-67,128
-157,-68,131
-143,-58,139
-146,-45,141
-147,-33,139
-152,-31,146
-142,-25,148
-138,-29,144
-137,-25,148
-135,-32,148
-134,-29,146
-128,-27,150
-129,-29,149
-132,-31,149
-129,-22,149
-124,-23,150
-122,-14,150
-125,-13,149
-125,-8,149
-126,-5,148
-132,5,154
-128,9,148
-126,13,148
-127,7,154
-128,13,150
-132,10,151
-127,19,144
-133,15,150
-129,14,146
-134,28,149
-135,22,143
-138,25,142
-141,21,142
-136,19,142
-142,18,141
-140,18,145
-141,23,137
-148,20,141
-146,22,150
-143,19,137
-144,27,138
-141,23,144
-143,25,144
-144,22,143
